,title,type,metro_distance,square,price,floor,floors,district,station
0,合租·地杰国际城F欧香四季4居室-南卧,合租,191,18,3560,14,18,浦东新区,御桥
1,整租·华升公寓2室1厅-南,整租,150,96,9460,20,34,杨浦区,江浦路
2,合租·博爱家园4居室-南卧,合租,234,17,3290,6,6,浦东新区,高科西路
3,合租·紫叶花园东园4居室-南卧,合租,216,17,3030,5,6,浦东新区,北蔡
4,合租·仁和苑4居室-南卧,合租,243,17,3990,7,12,杨浦区,江湾体育场
5,合租·明园森林都市4居室-西卧,合租,686,19,3490,24,34,静安区,汶水路
6,合租·景泰大楼3居室-南卧,合租,444,18,3290,11,18,虹口区,临平路
7,合租·日月新苑4居室-南卧,合租,197,19,2630,3,6,浦东新区,上南路
8,合租·锦秋花园4居室-南卧,合租,150,21,2460,3,6,松江区,上海大学
9,合租·锦秋花园4居室-南卧,合租,150,26,3960,1,3,松江区,上海大学
10,合租·证大家园(二期)4居室-南卧,合租,432,17,3490,3,6,浦东新区,杨高北路
11,合租·协和小区(协和路699弄)4居室-南卧,合租,641,18,2930,4,6,长宁区,淞虹路
12,合租·荣城花苑5居室-南卧,合租,307,19,3960,31,31,浦东新区,浦东大道
13,合租·弘丰新苑3居室-南卧,合租,498,20,3690,2,7,虹口区,东宝兴路
14,合租·协友公寓3居室-南卧,合租,267,18,3790,4,22,杨浦区,江湾体育场
15,合租·协和小区(协和路699弄)4居室-南卧,合租,641,17,3690,4,6,长宁区,淞虹路
16,合租·东方汇景苑3居室-南卧,合租,181,17,3690,9,17,浦东新区,上海儿童医学中心
17,合租·新梅共和城3居室-西南卧,合租,274,17,3360,1,17,静安区,上海马戏城
18,合租·东方城市花园(一期)3居室-南卧,合租,144,14,4490,8,11,浦东新区,上海儿童医学中心
19,合租·锦秋花园4居室-南卧,合租,150,34,3290,1,3,松江区,上海大学
20,合租·锦秋花园4居室-南卧,合租,150,20,2490,1,3,松江区,上海大学
21,合租·云都苑4居室-南卧,合租,531,16,4560,17,24,普陀区,长寿路
22,合租·春岚苑4居室-南卧,合租,187,21,3090,4,7,杨浦区,嫩江路
23,合租·阳光花城3居室-南卧,合租,164,14,4530,2,18,浦东新区,广兰路
24,合租·卓悦居2居室-南卧,合租,268,17,5930,27,37,静安区,汉中路
25,合租·锦秋花园3居室-南卧,合租,150,16,2490,4,6,松江区,上海大学
26,合租·北蔡苑3居室-南卧,合租,191,25,3260,3,5,浦东新区,北蔡
27,合租·金峰大厦4居室-北卧,合租,121,38,4690,1,29,静安区,汉中路
28,合租·恒大星级公寓4居室-南卧,合租,295,18,3360,2,6,浦东新区,东明路
29,合租·万里雅筑4居室-南卧,合租,325,18,2960,12,14,普陀区,上海西
30,合租·建工天峰公寓3居室-南卧,合租,470,16,2890,6,6,虹口区,赤峰路
31,整租·光鸿苑2室1厅-南,整租,975,102,9890,10,16,浦东新区,临沂新村
32,合租·顺馨佳园3居室-南卧,合租,1076,20,2390,5,6,浦东新区,华夏东路
33,合租·金沙雅苑(四期)4居室-南卧,合租,87,18,3760,5,19,普陀区,祁连山南路
34,整租·新华嘉利公寓1室1厅-南,整租,574,86,10790,12,19,长宁区,延安西路
35,合租·潍坊八村2居室-南卧,合租,323,18,3630,2,6,浦东新区,浦电路
36,合租·绿地世纪城(二期)3居室-南卧,合租,279,19,3730,4,11,普陀区,隆德路
37,合租·永泰公寓4居室-南卧,合租,259,21,3990,6,7,黄浦区,打浦桥
38,合租·云都苑4居室-北卧,合租,531,19,3590,5,24,普陀区,长寿路
39,合租·金鼎公寓(浦东)4居室-北卧,合租,196,20,4760,7,12,浦东新区,商城路
40,合租·荣城花苑3居室-南卧,合租,307,18,3960,28,31,浦东新区,浦东大道
41,合租·金沙江小区3居室-南卧,合租,216,18,3360,5,7,普陀区,金沙江路
42,合租·森兰名轩(二期)4居室-南卧,合租,398,19,2590,3,11,浦东新区,东靖路
43,合租·万科海上传奇4居室-南卧,合租,339,21,2990,21,24,浦东新区,御桥
44,合租·潍坊八村2居室-南卧,合租,323,17,3630,5,6,浦东新区,浦电路
45,合租·锦福公寓3居室-南卧,合租,564,18,3960,3,7,静安区,中山北路
46,合租·新中苑3居室-南卧,合租,219,19,4090,16,28,黄浦区,西藏南路
47,合租·掬水轩3居室-南卧,合租,948,19,3430,2,8,虹口区,虹口足球场
48,合租·大华锦绣华城(十九街区)(公寓)4居室-南卧,合租,326,24,3260,6,11,浦东新区,下南路
49,合租·金铭福邸4居室-南卧,合租,133,17,2530,4,6,闵行区,金平路
50,合租·绿地世纪城(二期)3居室-南卧,合租,279,19,3730,12,34,普陀区,隆德路
51,合租·同济融创玫瑰公馆4居室-南卧,合租,868,20,4590,12,12,闵行区,东兰路
52,合租·龙昌苑3居室-南卧,合租,901,23,4030,3,8,浦东新区,芳华路
53,整租·珊瑚苑2室1厅-南,整租,1089,103,9990,5,12,静安区,上海马戏城
54,合租·嘉利豪园4居室-南卧,合租,244,25,3490,2,17,长宁区,上海动物园
55,合租·闵浦一村3居室-南卧,合租,382,14,2060,5,6,闵行区,三鲁公路
56,合租·祥和公寓(松江)3居室-南卧,合租,292,19,2430,3,5,松江区,泗泾
57,合租·上海知音苑3居室-南卧,合租,343,19,3530,5,6,普陀区,武宁路
58,合租·甘泉公寓3居室-南卧,合租,303,19,3430,15,20,普陀区,新村路
59,合租·荣乐小区4居室-南卧,合租,125,17,830,2,6,松江区,松江体育中心
60,合租·掬水轩3居室-南卧,合租,948,17,3990,2,8,虹口区,虹口足球场
61,合租·新江湾戎德苑4居室-南卧,合租,566,15,3990,2,6,杨浦区,新江湾城
62,合租·名都新城（一期、二期）4居室-南卧,合租,32,16,2460,6,11,闵行区,莘庄
63,合租·金鼎公寓(浦东)4居室-南卧,合租,196,15,5490,7,12,浦东新区,商城路
64,合租·梅园五街坊2居室-南卧,合租,451,18,3530,2,6,浦东新区,世纪大道
65,合租·龙湖北城天街3居室-南卧,合租,57,16,1990,7,16,宝山区,刘行
66,合租·绿地蔷薇九里(公寓)3居室-南卧,合租,710,40,2390,11,12,松江区,松江大学城
67,合租·中远两湾城4居室-南卧,合租,459,18,3690,6,25,普陀区,中潭路
68,合租·佘山假日半岛3居室-南卧,合租,134,17,2090,3,11,松江区,洞泾
69,合租·梅花苑4居室-南卧,合租,877,25,3630,6,6,浦东新区,世纪公园
70,合租·名都新城（一期、二期）3居室-南卧,合租,32,24,2490,1,11,闵行区,莘庄
71,合租·东明广场4居室-南卧,合租,396,20,4860,15,26,浦东新区,商城路
72,合租·金铭福邸4居室-南卧,合租,133,19,1890,6,6,闵行区,金平路
73,合租·好世凤凰城4居室-南卧,合租,330,18,2390,4,7,闵行区,银都路
74,合租·上泰花苑3居室-南卧,合租,237,18,2990,4,6,浦东新区,德平路
75,合租·新泾二村3居室-南卧,合租,161,19,3390,4,6,长宁区,北新泾
76,合租·民东公寓3居室-南卧,合租,476,19,2330,4,7,嘉定区,南翔
77,合租·巴黎之春3居室-南卧,合租,542,17,2890,4,7,普陀区,上海西
78,合租·莘城公寓4居室-南卧,合租,454,18,2530,3,6,闵行区,莘庄
79,合租·耀华路210-222号(双)2居室-南卧,合租,286,18,3560,3,6,浦东新区,长清路
80,合租·沪昌公寓3居室-南卧,合租,213,18,3560,16,19,杨浦区,江湾体育场
81,整租·龙潭小区2室1厅-南,整租,713,90,8490,2,6,宝山区,大华三路
82,合租·建华新苑4居室-南卧,合租,279,18,4390,15,17,浦东新区,世纪公园
83,合租·民乐佳苑一区4居室-南卧,合租,491,21,1490,5,6,青浦区,漕盈路
84,合租·鞍山四村第三小区2居室-东南卧,合租,384,19,3290,4,5,杨浦区,鞍山新村
85,合租·中远两湾城4居室-南卧,合租,459,14,4530,9,27,普陀区,中潭路
86,合租·巴黎之春3居室-南卧,合租,542,19,2790,1,8,普陀区,上海西
87,合租·长虹小区2居室-南卧,合租,292,17,3560,5,6,长宁区,虹桥路
88,合租·新梅共和城4居室-南卧,合租,274,20,3460,2,14,静安区,上海马戏城
89,合租·逸景佳苑5居室-南卧,合租,634,26,2960,1,12,宝山区,殷高西路
90,合租·塘东小区2居室-南卧,合租,175,16,3360,2,6,浦东新区,蓝村路
91,合租·幸运福邸4居室-南卧,合租,187,22,4230,30,32,黄浦区,陆家浜路
92,合租·丽都城假日景苑4居室-南卧,合租,374,19,2090,6,6,闵行区,金平路
93,合租·枫桥苑3居室-南卧,合租,201,23,3690,10,11,普陀区,枫桥路
94,合租·地杰国际城F欧香四季4居室-南卧,合租,191,14,2590,2,18,浦东新区,御桥
95,合租·丽景苑4居室-南卧,合租,569,19,2660,8,14,松江区,九亭
96,合租·锦绿新城4居室-南卧,合租,497,19,3360,30,32,普陀区,隆德路
97,合租·弘扬沁园4居室-南卧,合租,313,18,3490,6,16,浦东新区,北洋泾路
98,合租·招商海德名门3居室-南卧,合租,491,18,2060,1,11,宝山区,富锦路
99,合租·祥和公寓(松江)4居室-南卧,合租,292,19,2530,5,5,松江区,泗泾
100,合租·惠扬大厦4居室-南卧,合租,1177,21,3790,9,24,浦东新区,源深体育中心
101,合租·日月光水岸花园(一期)4居室-南卧,合租,731,19,3330,4,13,浦东新区,广兰路
102,合租·中岚大楼3居室-南卧,合租,297,21,3760,12,28,普陀区,镇坪路
103,合租·江南山水4居室-南卧,合租,264,16,2860,7,11,浦东新区,五莲路
104,合租·新城尚上城（商住）2居室-南卧,合租,266,22,1730,7,13,嘉定区,上海汽车城
105,合租·田林十村3居室-南卧,合租,308,18,3830,6,6,徐汇区,桂林路
106,合租·莘城公寓3居室-南卧,合租,454,22,3060,7,8,闵行区,莘庄
107,合租·水岸豪庭4居室-南卧,合租,372,19,3830,18,24,普陀区,隆德路
108,合租·阳明花园广场（二期）5居室-南卧,合租,543,18,2890,4,24,浦东新区,航津路
109,合租·罗南三村3居室-南卧,合租,476,28,1930,4,6,宝山区,罗南新村
110,合租·张江汤臣豪园(一期)(别墅)4居室-南卧,合租,207,24,4030,1,10,浦东新区,张江高科
111,合租·水岸豪庭4居室-南卧,合租,372,17,3790,4,20,普陀区,隆德路
112,合租·金地湾流域（二期569弄）4居室-南卧,合租,358,23,4590,6,6,浦东新区,三林东
113,合租·世纪之门4居室-南卧,合租,657,18,3560,22,22,静安区,江宁路
114,合租·河风丽景4居室-南卧,合租,456,18,4490,2,18,长宁区,北新泾
115,合租·海桐小区3居室-南卧,合租,535,20,3460,3,6,浦东新区,世纪公园
116,合租·虹梅花苑3居室-南卧,合租,465,20,3090,2,6,长宁区,龙溪路
117,合租·越秀苑4居室-南卧,合租,454,14,3490,24,27,静安区,中山北路
118,合租·瑞和城叁街区(鲁宁路80弄)3居室-南卧,合租,392,12,1660,6,11,闵行区,汇臻路
119,合租·西班牙名园5居室-南卧,合租,184,18,2890,5,5,闵行区,莲花路
120,合租·证大家园(五期)3居室-南卧,合租,733,20,3290,4,11,浦东新区,杨高北路
121,合租·嘉和花苑4居室-南卧,合租,437,19,2790,11,11,闵行区,莲花路
122,合租·巨东小区3居室-南卧,合租,393,18,3230,4,6,浦东新区,北洋泾路
123,合租·国贸花园4居室-东南卧,合租,283,22,3690,10,26,虹口区,海伦路
124,合租·西班牙名园4居室-南卧,合租,184,17,3690,4,12,闵行区,莲花路
125,合租·阳光花城4居室-南卧,合租,164,14,4290,14,18,浦东新区,广兰路
126,合租·荣成大厦4居室-西北卧,合租,140,17,5030,10,30,浦东新区,浦东大道
127,合租·荣成大厦4居室-南卧,合租,140,13,3860,28,30,浦东新区,浦东大道
128,合租·海珠公寓4居室-南卧,合租,162,16,4530,9,20,徐汇区,嘉善路
129,合租·嘉宝都市港湾4居室-南卧,合租,379,17,2830,9,14,嘉定区,丰庄
130,合租·光鸿苑3居室-南卧,合租,975,19,3290,6,6,浦东新区,临沂新村
131,合租·梅花苑4居室-南卧,合租,877,20,3390,6,6,浦东新区,世纪公园
132,合租·美晶佳园4居室-南卧,合租,518,20,3990,6,21,徐汇区,上海体育场
133,合租·海天公寓3居室-南卧,合租,492,14,3830,7,18,徐汇区,徐家汇
134,合租·阳光花城4居室-南卧,合租,164,15,4390,5,19,浦东新区,广兰路
135,合租·名江七星城4居室-南卧,合租,338,17,4690,10,28,虹口区,国际客运中心
136,合租·御桥花园3居室-南卧,合租,228,20,2390,2,6,浦东新区,御桥
137,合租·海厦小区3居室-南卧,合租,433,23,3960,7,8,长宁区,延安西路
138,合租·御桥花园3居室-南卧,合租,228,19,2790,4,6,浦东新区,御桥
139,合租·荣成大厦4居室-南卧,合租,140,14,3560,28,30,浦东新区,浦东大道
140,合租·天申小区3居室-南卧,合租,500,18,3290,2,6,长宁区,北新泾
141,合租·鹤庆苑3居室-南卧,合租,656,19,1760,3,6,闵行区,金平路
142,合租·裕德大厦3居室-南卧,合租,434,17,3860,2,24,徐汇区,上海体育馆
143,合租·高境一村3居室-南卧,合租,381,21,2790,4,7,宝山区,殷高西路
144,合租·畅馨园4居室-南卧,合租,592,21,1990,2,12,闵行区,剑川路
145,合租·金橘新苑4居室-南卧,合租,803,15,2790,15,18,浦东新区,三林东
146,合租·东方佳苑3居室-南卧,合租,268,16,3630,2,6,浦东新区,临沂新村
147,合租·市光四村2居室-南卧,合租,688,23,3030,6,6,杨浦区,市光路
148,合租·田林十四村3居室-南卧,合租,534,18,3690,7,18,徐汇区,桂林路
149,合租·新梅共和城3居室-南卧,合租,274,15,3390,2,16,静安区,上海马戏城
150,合租·曹杨六村(兰溪园)2居室-南卧,合租,415,21,3360,7,7,普陀区,曹杨路
151,合租·阳光花城4居室-南卧,合租,164,12,3590,4,19,浦东新区,广兰路
152,合租·中远两湾城4居室-南卧,合租,459,16,3690,22,34,普陀区,中潭路
153,合租·莘城公寓4居室-南卧,合租,454,17,3090,2,4,闵行区,莘庄
154,合租·妙境家园3居室-南卧,合租,253,16,2730,6,6,浦东新区,川沙
155,合租·凯旋花苑3居室-南卧,合租,488,14,3790,5,33,徐汇区,上海体育馆
156,合租·三杨新村一街坊3居室-南卧,合租,900,13,2730,8,16,浦东新区,杨思
157,合租·燕宁苑3居室-南卧,合租,741,18,3690,14,16,普陀区,隆德路
158,合租·中远两湾城5居室-东南卧,合租,459,20,3490,3,33,普陀区,中潭路
159,合租·复星新苑4居室-南卧,合租,469,18,2760,6,6,宝山区,行知路
160,合租·同济新村3居室-南卧,合租,6,12,3090,6,6,杨浦区,同济大学
161,合租·嘉和花苑4居室-南卧,合租,437,16,2930,1,7,闵行区,莲花路
162,合租·三湘四季花城4居室-南卧,合租,546,17,2590,2,14,松江区,松江大学城
163,合租·三湘四季花城4居室-南卧,合租,546,17,2630,11,14,松江区,松江大学城
164,合租·绿地世纪城(一期)3居室-南卧,合租,588,20,4430,17,34,普陀区,曹杨路
165,合租·天台家园3居室-南卧,合租,755,19,3760,2,10,长宁区,威宁路
166,合租·凯旋一村2居室-南卧,合租,497,21,3960,4,6,长宁区,虹桥路
167,合租·证大家园(四期)3居室-南卧,合租,531,18,3090,4,10,浦东新区,杨高北路
168,合租·驰骋大楼3居室-西卧,合租,396,19,3560,14,26,黄浦区,西藏南路
169,合租·京都苑4居室-南卧,合租,480,15,3860,1,6,闵行区,七宝
170,合租·潍坊八村2居室-南卧,合租,323,15,3460,5,6,浦东新区,浦电路
171,合租·武宁路200弄3居室-南卧,合租,425,17,3290,6,7,普陀区,曹杨路
172,合租·三泾南宅3居室-南卧,合租,309,17,3530,5,7,长宁区,延安西路
173,合租·高境一村4居室-南卧,合租,381,15,2630,2,18,宝山区,殷高西路
174,合租·中环花苑3居室-南卧,合租,698,19,3290,18,18,普陀区,新村路
175,合租·菊园4居室-南卧,合租,350,15,5460,20,32,浦东新区,商城路
176,合租·水语人家南苑3居室-南卧,合租,356,16,1830,4,6,虹口区,闵瑞路
177,合租·闵浦一村3居室-南卧,合租,382,12,1930,5,6,闵行区,三鲁公路
178,合租·新城尚上城（商住）2居室-南卧,合租,266,21,1690,5,13,嘉定区,上海汽车城
179,合租·吴东小区2居室-南卧,合租,548,21,3990,6,6,长宁区,虹桥路
180,合租·锦城公寓(长宁)3居室-南卧,合租,528,14,3690,3,16,长宁区,虹桥路
181,合租·岭南苑(凌兆路99弄)4居室-南卧,合租,379,20,2630,6,6,浦东新区,凌兆新村
182,合租·凯旋公寓4居室-南卧,合租,610,19,4390,4,8,长宁区,虹桥路
183,合租·上大阳光乾静园3居室-东南卧,合租,328,23,2890,5,6,宝山区,上大路
184,合租·翔殷路505弄3居室-南卧,合租,264,16,2990,12,15,杨浦区,翔殷路
185,合租·交暨小区3居室-南卧,合租,588,24,3090,5,6,普陀区,新村路
186,合租·泰辰复兴苑3居室-南卧,合租,603,20,3290,2,6,嘉定区,金运路
187,合租·车站新村(普陀)4居室-南卧,合租,300,18,2590,6,6,普陀区,上海西
188,合租·高境一村3居室-南卧,合租,381,19,2830,6,6,宝山区,殷高西路
189,合租·高境一村4居室-南卧,合租,381,19,2790,11,18,宝山区,殷高西路
190,合租·博文家园4居室-南卧,合租,496,21,3430,5,6,浦东新区,高科西路
191,合租·张泾小区2居室-南卧,合租,724,17,2930,3,6,长宁区,上海动物园
192,合租·张江汤臣豪园(二期)4居室-南卧,合租,590,20,4490,3,16,浦东新区,金科路
193,合租·光鸿苑4居室-南卧,合租,975,16,3890,27,30,浦东新区,临沂新村
194,合租·阳光花城3居室-南卧,合租,164,15,3530,2,18,浦东新区,广兰路
195,合租·中福花苑3居室-南卧,合租,313,16,3790,8,19,黄浦区,南浦大桥
196,合租·浦发绿城永泰路1960弄3居室-南卧,合租,640,22,2260,2,6,浦东新区,浦三路
197,合租·卢湾都市花园5居室-南卧,合租,309,22,3990,1,19,黄浦区,鲁班路
198,合租·永久城市花园4居室-南卧,合租,775,15,2390,9,13,浦东新区,航津路
199,合租·三泾南宅4居室-南卧,合租,309,16,4390,2,7,长宁区,延安西路
200,合租·阳光花城4居室-南卧,合租,164,15,4290,13,19,浦东新区,广兰路
201,合租·紫欣公寓3居室-西南卧,合租,249,16,2690,10,27,闵行区,莘庄
202,合租·秀枫翠谷3居室-南卧,合租,414,14,2790,6,6,闵行区,星中路
203,合租·亭汇花苑4居室-南卧,合租,446,14,2890,6,6,松江区,九亭
204,合租·长虹小区3居室-南卧,合租,292,18,3590,6,6,长宁区,虹桥路
205,合租·同方锦城（C区）4居室-南卧,合租,283,16,3090,3,6,浦东新区,博兴路
206,合租·建德花园百合苑3居室-南卧,合租,520,17,2990,4,6,嘉定区,丰庄
207,合租·妙境家园4居室-南卧,合租,253,23,2360,6,6,浦东新区,川沙
208,合租·南洋新都3居室-南卧,合租,482,16,4490,6,14,长宁区,威宁路
209,合租·海富花园4居室-西北卧,合租,275,18,3490,18,21,浦东新区,蓝村路
210,合租·上海星港3居室-南卧,合租,245,15,3460,3,18,普陀区,枫桥路
211,合租·南方城3居室-南卧,合租,514,18,2890,1,8,闵行区,莲花路
212,合租·大华锦绣华城(十九街区)(公寓)6居室-南卧,合租,326,23,2790,6,6,浦东新区,下南路
213,合租·工农四村星源花苑3居室-南卧,合租,655,16,2790,5,6,杨浦区,市光路
214,合租·桃园公寓(川沙)4居室-南卧,合租,430,20,2290,1,6,浦东新区,川沙
215,合租·三泾南宅3居室-南卧,合租,309,17,3390,7,7,长宁区,延安西路
216,合租·锦江苑3居室-南卧,合租,790,17,2890,5,7,徐汇区,龙耀路
217,合租·证大家园(一期)4居室-南卧,合租,112,15,2730,1,6,浦东新区,杨高北路
218,合租·未名园4居室-南卧,合租,1314,17,2490,3,12,闵行区,外环路
219,合租·联通国际大厦3居室-北卧,合租,566,16,3630,8,30,静安区,上海火车
220,合租·创智坊(公寓)4居室-南卧,合租,211,17,3960,1,12,杨浦区,江湾体育场
221,合租·三航小区2居室-南卧,合租,237,16,3760,6,6,浦东新区,东昌路
222,合租·书香公寓4居室-南卧,合租,531,17,3690,5,15,杨浦区,同济大学
223,合租·东淮海公寓4居室-南卧,合租,220,16,5390,26,28,黄浦区,豫园
224,合租·燕宁苑4居室-南卧,合租,741,17,3430,12,18,普陀区,隆德路
225,合租·绿地世纪城(二期)3居室-北卧,合租,279,18,4030,27,33,普陀区,隆德路
226,合租·爱和大厦4居室-西卧,合租,403,15,3490,13,26,徐汇区,上海体育场
227,合租·华升新苑4居室-南卧,合租,366,15,3960,2,11,杨浦区,江浦路
228,合租·绿地天呈5居室-南卧,合租,896,17,1930,3,6,嘉定区,嘉定北
229,合租·金沙江小区4居室-南卧,合租,216,16,3460,2,11,普陀区,金沙江路
230,合租·白玉新村3居室-南卧,合租,405,18,3360,7,7,普陀区,曹杨路
231,合租·金谷园5居室-南卧,合租,290,16,3790,4,18,徐汇区,漕溪路
232,合租·和平花苑3居室-西北卧,合租,351,18,3230,29,34,杨浦区,鞍山新村
233,合租·新世纪花苑(三期)(浦东)4居室-南卧,合租,747,19,3090,5,6,浦东新区,长清路
234,合租·嘉和花苑4居室-南卧,合租,437,18,2930,11,11,闵行区,莲花路
235,合租·保利翡丽公馆3居室-南卧,合租,171,15,2330,1,16,松江区,泗泾
236,合租·沙田新苑4居室-南卧,合租,540,17,3490,20,30,普陀区,曹杨路
237,合租·金沙雅苑(三期)4居室-南卧,合租,879,15,3060,2,18,普陀区,祁连山南路
238,合租·黄山始信苑3居室-南卧,合租,597,19,2860,3,6,浦东新区,云山路
239,合租·上海知音苑4居室-南卧,合租,343,16,3760,3,15,普陀区,武宁路
240,合租·妙境家园3居室-南卧,合租,253,16,2630,1,6,浦东新区,川沙
241,合租·世纪之春花园4居室-南卧,合租,367,16,3790,12,13,长宁区,淞虹路
242,合租·宇泰景苑4居室-南卧,合租,385,17,3590,14,18,虹口区,临平路
243,合租·中福花苑3居室-南卧,合租,313,16,3790,9,19,黄浦区,南浦大桥
244,合租·美罗家园吉翔苑4居室-南卧,合租,820,17,1930,4,18,宝山区,美兰湖
245,合租·翔川家园4居室-南卧,合租,610,50,2860,6,6,浦东新区,川沙
246,合租·创世纪花园4居室-南卧,合租,391,16,4930,6,14,徐汇区,上海体育馆
247,合租·南文大厦3居室-南卧,合租,359,17,3990,18,27,黄浦区,老西门
248,合租·锦河苑4居室-南卧,合租,360,20,2790,1,6,浦东新区,五莲路
249,合租·春港丽园(公寓)3居室-南卧,合租,1165,17,3090,3,6,浦东新区,广兰路
250,合租·巴黎之春4居室-东卧,合租,542,17,2930,2,6,普陀区,上海西
251,合租·阳光花城4居室-南卧,合租,164,15,4230,1,19,浦东新区,广兰路
252,合租·荣成大厦4居室-南卧,合租,140,12,4760,28,30,浦东新区,浦东大道
253,合租·芳佳苑5居室-南卧,合租,155,26,2730,6,6,浦东新区,芳华路
254,合租·东方莱茵4居室-南卧,合租,406,19,4360,1,27,静安区,汉中路
255,合租·张江汤臣豪园(一期)(公寓)4居室-南卧,合租,119,15,3630,5,8,浦东新区,张江高科
256,合租·中大丽都4居室-南卧,合租,446,43,3430,6,6,浦东新区,五莲路
257,合租·立诚苑3居室-南卧,合租,581,16,2360,4,6,浦东新区,华夏东路
258,合租·逸景佳苑4居室-南卧,合租,634,25,2890,6,12,宝山区,殷高西路
259,合租·逸景佳苑4居室-南卧,合租,634,30,3060,2,12,宝山区,殷高西路
260,合租·逸景佳苑4居室-南卧,合租,634,21,2760,2,12,宝山区,殷高西路
261,合租·牡丹小区(浦东)3居室-南卧,合租,666,17,1390,4,6,浦东新区,世纪公园
262,合租·花木苑3居室-南卧,合租,847,17,3490,4,6,浦东新区,世纪公园
263,合租·张江汤臣豪园(二期)4居室-南卧,合租,590,16,3560,13,16,浦东新区,金科路
264,合租·翔川家园4居室-南卧,合租,610,17,2290,2,6,浦东新区,川沙
265,合租·万象园3居室-南卧,合租,701,20,1330,4,6,徐汇区,虹漕路
266,合租·金地格林世界(春晓)5居室-南卧,合租,553,21,2660,3,4,嘉定区,南翔
267,合租·南天大厦3居室-西南卧,合租,451,22,3690,8,24,长宁区,中山公园
268,合租·东渡悦来城4居室-南卧,合租,135,13,1560,7,27,青浦区,淀山湖大道
269,合租·尼德兰花园(二期)3居室-南卧,合租,1171,15,2360,4,13,浦东新区,航津路
270,合租·中轩丽苑4居室-南卧,合租,330,22,1330,20,20,杨浦区,爱国路
271,合租·西部大楼4居室-南卧,合租,1214,20,3090,6,22,普陀区,新村路
272,合租·盛世家园4居室-南卧,合租,1020,20,2890,3,6,宝山区,大场镇
273,合租·东方汇景苑3居室-南卧,合租,181,15,3390,10,17,浦东新区,上海儿童医学中心
274,合租·江南山水5居室-南卧,合租,264,16,2690,11,11,浦东新区,五莲路
275,合租·田林十二村2居室-南卧,合租,674,18,3590,5,6,徐汇区,漕宝路
276,合租·田林十村2居室-南卧,合租,308,17,3560,5,6,徐汇区,桂林路
277,合租·芙蓉花苑4居室-东卧,合租,114,17,2960,5,7,普陀区,镇坪路
278,合租·同方锦城（B区）4居室-南卧,合租,398,17,2890,6,6,浦东新区,博兴路
279,合租·怡心苑3居室-南卧,合租,646,14,1860,3,6,浦东新区,港城路
280,合租·同济新村3居室-南卧,合租,6,12,2990,6,6,杨浦区,同济大学
281,合租·申通公寓3居室-南卧,合租,529,21,3360,6,7,杨浦区,宁国路
282,合租·铂金府3居室-南卧,合租,5,13,1930,14,18,嘉定区,白银路
283,合租·莘城公寓4居室-南卧,合租,454,17,10800,7,11,闵行区,莘庄
284,合租·漕溪大楼3居室-南卧,合租,237,15,3630,11,17,徐汇区,上海体育馆
285,合租·绿地清猗园(威廉公馆三期)3居室-南卧,合租,684,15,2330,17,20,嘉定区,南翔
286,合租·新长征花苑3居室-南卧,合租,801,16,2860,3,6,普陀区,祁连山南路
287,合租·紫荆三村5居室-南卧,合租,588,21,1590,6,6,嘉定区,安亭
288,合租·书香公寓4居室-南卧,合租,531,17,3490,1,11,杨浦区,同济大学
289,合租·民乐佳苑一区3居室-南卧,合租,491,16,1460,5,6,青浦区,漕盈路
290,合租·零陵小区3居室-南卧,合租,101,16,3430,4,5,徐汇区,上海体育场
291,合租·丽都城假日景苑3居室-南卧,合租,374,15,1790,2,11,闵行区,金平路
292,合租·陆家嘴新景园5居室-南卧,合租,50,16,3060,6,6,浦东新区,云山路
293,合租·春港丽园(公寓)4居室-南卧,合租,1165,18,2660,1,6,浦东新区,广兰路
294,合租·上海青年城3居室-南卧,合租,62,11,2530,12,19,松江区,九亭
295,合租·新华嘉利公寓4居室-南卧,合租,574,13,4330,15,17,长宁区,延安西路
296,合租·嘉禄新苑4居室-南卧,合租,649,18,3290,2,11,杨浦区,江浦公园
297,合租·汇京佳丽园3居室-南卧,合租,890,21,3390,10,18,徐汇区,上海南
298,合租·胡姬花园4居室-南卧,合租,866,15,4690,10,12,浦东新区,张江高科
299,合租·联星丽景苑4居室-南卧,合租,321,14,2560,3,18,普陀区,桃浦新村
300,合租·万汇公寓3居室-南卧,合租,747,18,3090,4,7,杨浦区,宁国路
301,合租·阳城贵都3居室-南卧,合租,430,15,2990,4,12,宝山区,行知路
302,合租·红旗四街坊4居室-南卧,合租,954,17,1790,2,6,闵行区,华宁路
303,合租·龙湖北城天街3居室-北卧,合租,57,14,1490,3,16,宝山区,刘行
304,合租·菊泉新城(陆翔路358弄)3居室-南卧,合租,473,16,1930,6,6,宝山区,顾村公园
305,合租·金桥新村四街坊3居室-南卧,合租,593,16,2690,5,6,浦东新区,博兴路
306,合租·万邦都市花园3居室-南卧,合租,464,16,3490,4,6,浦东新区,龙阳路
307,合租·嘉和花苑4居室-南卧,合租,437,17,2760,1,11,闵行区,莲花路
308,合租·沁春园三村4居室-南卧,合租,1034,16,2790,4,6,闵行区,春申路
309,合租·东航小区3居室-南卧,合租,556,20,3490,2,6,徐汇区,龙华中路
310,合租·越秀苑4居室-南卧,合租,454,15,3960,6,14,静安区,中山北路
312,合租·乐山路6号2居室-东卧,合租,530,21,4390,2,18,徐汇区,徐家汇
313,合租·西凌新邨3居室-南卧,合租,501,18,3790,32,32,黄浦区,西藏南路
314,合租·澳门新苑3居室-南卧,合租,657,17,3460,3,6,静安区,江宁路
315,合租·上大阳光乾清园3居室-南卧,合租,635,16,2460,4,6,宝山区,上大路
316,合租·新川苑3居室-南卧,合租,1069,17,2290,4,6,浦东新区,川沙
317,合租·芝巷公寓4居室-南卧,合租,708,18,3330,6,12,普陀区,大渡河路
318,合租·华苑大厦4居室-南卧,合租,362,15,4390,7,31,徐汇区,上海体育馆
319,合租·秋月枫舍3居室-南卧,合租,250,15,3390,4,18,普陀区,镇坪路
320,合租·锦蝶苑3居室-南卧,合租,709,21,3290,4,6,徐汇区,东安路
321,合租·紫荆四村3居室-南卧,合租,630,17,1560,4,6,嘉定区,安亭
322,合租·联星丽景苑3居室-南卧,合租,321,11,2530,8,18,普陀区,桃浦新村
323,合租·恒城花苑4居室-东南卧,合租,577,14,4490,14,24,虹口区,邮电新村
324,合租·市光一村3居室-南卧,合租,547,17,2730,1,6,杨浦区,嫩江路
325,合租·长江小区3居室-南卧,合租,601,17,3590,5,6,普陀区,隆德路
326,合租·爱建小区2居室-南卧,合租,540,17,3660,2,7,长宁区,宋园路
327,合租·南宜花苑4居室-南卧,合租,31,10,4060,5,6,徐汇区,宜山路
328,合租·爱法新都4居室-南卧,合租,740,19,3630,2,7,浦东新区,台儿庄路
329,合租·中信泰富又一城3居室-南卧,合租,116,12,1960,6,31,嘉定区,嘉定新城
330,合租·志丹苑3居室-南卧,合租,1018,18,3530,3,7,普陀区,新村路
331,合租·浦江东旭公寓(669弄1-109号)3居室-南卧,合租,557,15,2490,5,7,浦东新区,东靖路
332,合租·和祥佳园3居室-南卧,合租,587,16,1930,6,14,浦东新区,港城路
333,合租·妙境家园4居室-南卧,合租,253,16,2730,5,6,浦东新区,川沙
334,合租·浦发绿城永泰路2079弄3居室-南卧,合租,479,17,2730,1,6,浦东新区,浦三路
335,合租·冶金小区(徐汇)2居室-南卧,合租,234,14,3460,5,5,徐汇区,桂林公园
336,合租·燕宁苑4居室-南卧,合租,741,18,3490,12,18,普陀区,隆德路
337,合租·荣域飘鹰锦和花园(公寓)3居室-南卧,合租,267,14,2230,17,18,宝山区,宝安公路
338,合租·长虹小区3居室-南卧,合租,292,17,3430,1,6,长宁区,虹桥路
339,合租·汇佳苑3居室-南卧,合租,94,14,2890,2,4,浦东新区,东陆路
340,合租·桃林公寓4居室-南卧,合租,313,15,4460,14,20,浦东新区,民生路
341,合租·崇文园4居室-南卧,合租,742,19,3090,13,14,静安区,延长路
342,合租·绿地天呈5居室-南卧,合租,896,17,930,1,3,嘉定区,嘉定北
343,合租·上南大厦3居室-东卧,合租,3,12,3090,14,24,浦东新区,云台路
344,合租·绿地泾南公寓4居室-南卧,合租,394,16,3490,1,6,浦东新区,杨高中路
345,合租·芳芯苑3居室-南卧,合租,770,17,2730,3,6,浦东新区,芳华路
346,合租·水清年华花园3居室-南卧,合租,473,16,2790,4,11,闵行区,中春路
347,合租·天馨花园(公寓)4居室-南卧,合租,617,17,1890,2,6,宝山区,宝安公路
348,合租·东方丽景4居室-南卧,合租,407,16,2890,2,13,浦东新区,巨峰路
349,合租·淞园大厦3居室-东卧,合租,659,16,4090,8,22,黄浦区,西藏南路
350,合租·五星公寓3居室-西卧,合租,571,25,3460,21,24,普陀区,金沙江路
351,合租·和嘉公寓4居室-南卧,合租,165,15,3690,3,6,闵行区,东兰路
352,合租·瑞和城叁街区(鲁宁路80弄)3居室-南卧,合租,392,13,1830,7,17,闵行区,汇臻路
353,合租·东方丽景5居室-南卧,合租,407,18,2590,12,18,浦东新区,巨峰路
354,合租·精文城上城4居室-南卧,合租,759,18,3560,26,33,静安区,中兴路
355,合租·南宜花苑4居室-西卧,合租,31,13,3290,5,6,徐汇区,宜山路
356,合租·铂金府5居室-南卧,合租,5,10,1730,23,25,嘉定区,白银路
357,合租·尚诚国际苑3居室-南卧,合租,33,14,3660,7,24,普陀区,曹杨路
358,合租·五星公寓3居室-南卧,合租,571,17,3390,1,24,普陀区,金沙江路
359,合租·中包公寓3居室-北卧,合租,672,20,3460,5,6,长宁区,江苏路
360,合租·中福浦江汇4居室-南卧,合租,196,14,4230,2,12,黄浦区,南浦大桥
361,合租·广杭苑3居室-南卧,合租,1452,17,2890,4,7,杨浦区,宁国路
362,合租·越秀苑4居室-南卧,合租,454,12,3990,24,27,静安区,中山北路
363,合租·罗山六村3居室-南卧,合租,362,14,2590,6,6,浦东新区,德平路
364,合租·和合新村4居室-南卧,合租,764,50,3760,5,5,浦东新区,御桥
365,合租·三泾南宅3居室-北卧,合租,309,26,3760,7,7,长宁区,延安西路
366,合租·世华锦城3居室-南卧,合租,946,18,2760,1,6,浦东新区,杨思
367,合租·江南山水4居室-南卧,合租,264,15,2890,2,11,浦东新区,五莲路
368,合租·证大家园(三期)4居室-南卧,合租,628,32,3290,6,6,浦东新区,杨高北路
369,合租·世纪江湾3居室-南卧,合租,1693,19,3730,6,6,宝山区,淞发路
370,合租·牡丹小区(浦东)3居室-南卧,合租,666,18,3560,6,6,浦东新区,世纪公园
371,合租·莘城公寓4居室-南卧,合租,454,16,3030,7,9,闵行区,莘庄
372,合租·鹤北新村二街坊4居室-南卧,合租,789,19,1830,4,6,闵行区,金平路
373,合租·金淞家园3居室-北卧,合租,511,19,3490,5,13,长宁区,淞虹路
374,合租·莘城公寓4居室-南卧,合租,454,16,3290,7,11,闵行区,莘庄
375,合租·张江汤臣豪园(二期)4居室-南卧,合租,590,16,4260,1,12,浦东新区,金科路
376,合租·环球翡翠湾花园(公寓)4居室-南卧,合租,611,16,3230,1,18,浦东新区,浦三路
377,合租·丽都城假日景苑4居室-南卧,合租,374,15,2430,4,6,闵行区,金平路
378,合租·菊泉新城(陆翔路358弄)3居室-南卧,合租,473,15,1830,2,11,宝山区,顾村公园
379,合租·恒大翰城瀚林苑5居室-南卧,合租,536,17,2790,6,6,浦东新区,华夏西路
380,整租·名都新城（一期、二期）2室1厅-南,整租,32,101,7230,10,13,闵行区,莘庄
381,合租·荣顺苑5居室-南卧,合租,452,16,2090,6,6,闵行区,颛桥
382,合租·乳山三村2居室-南卧,合租,424,18,3590,6,6,浦东新区,东昌路
383,合租·联星丽景苑4居室-南卧,合租,321,14,2390,2,18,普陀区,桃浦新村
384,合租·金阳怡景4居室-南卧,合租,755,18,3560,15,16,普陀区,大渡河路
385,合租·东方佳苑5居室-南卧,合租,268,15,3390,6,6,浦东新区,临沂新村
386,合租·绿水家园4居室-南卧,合租,415,15,2430,11,14,闵行区,春申路
387,合租·海厦小区3居室-北卧,合租,433,18,3690,7,8,长宁区,延安西路
388,合租·江南山水4居室-南卧,合租,264,15,3430,4,11,浦东新区,五莲路
389,合租·黄山始信苑3居室-南卧,合租,597,15,2790,2,6,浦东新区,云山路
390,合租·东体小区3居室-南卧,合租,625,15,2990,3,6,虹口区,曲阳路
391,合租·美罗家园罗翔苑4居室-南卧,合租,873,18,1590,1,18,宝山区,罗南新村
392,合租·岚皋大楼3居室-南卧,合租,393,17,2890,1,24,普陀区,镇坪路
393,合租·逸景佳苑4居室-南卧,合租,634,18,2460,7,9,宝山区,殷高西路
394,合租·中铁北城时代2居室-南卧,合租,1824,19,4390,15,29,宝山区,友谊西路
395,合租·灵广花园3居室-北卧,合租,622,19,2890,4,7,静安区,中山北路
396,合租·大华锦绣华城(十九街区)(公寓)6居室-南卧,合租,326,16,2960,6,6,浦东新区,下南路
397,合租·白玉新村2居室-南卧,合租,405,16,3230,6,6,普陀区,曹杨路
398,合租·陆家嘴新景园3居室-南卧,合租,50,14,2890,1,6,浦东新区,云山路
399,合租·铁岭路10弄3居室-南卧,合租,619,23,3490,5,6,杨浦区,江浦路
400,合租·锦城公寓(黄浦)3居室-北卧,合租,407,18,3790,17,22,黄浦区,打浦桥
401,合租·玉兰香苑二期A块3居室-南卧,合租,1035,15,2630,5,6,浦东新区,张江路
402,合租·久久公寓3居室-东卧,合租,420,19,2760,2,8,虹口区,江湾镇
403,合租·联星丽景苑4居室-南卧,合租,321,14,2490,15,18,普陀区,桃浦新村
404,合租·九峰小区4居室-南卧,合租,405,17,1830,2,6,松江区,松江体育中心
405,合租·武宁小城3居室-西南卧,合租,537,22,3960,19,28,普陀区,曹杨路
406,合租·正南花苑4居室-南卧,合租,577,18,2890,6,6,徐汇区,上海南
407,合租·川杨新苑(四期)3居室-南卧,合租,930,14,2890,5,6,浦东新区,张江路
408,合租·证大家园(三期)3居室-南卧,合租,628,16,2760,3,8,浦东新区,杨高北路
409,合租·怡沣大厦3居室-西南卧,合租,243,14,4460,9,24,普陀区,武宁路
410,合租·保利西子湾3居室-南卧,合租,998,18,2030,5,11,松江区,松江大学城
411,合租·建业新村3居室-南卧,合租,194,13,2790,6,6,浦东新区,杨高南路
412,合租·嘉宝梦之月华庭5居室-南卧,合租,484,14,1660,7,8,嘉定区,嘉定西
413,合租·绿地公寓(长宁)4居室-南卧,合租,1169,24,3490,4,5,长宁区,北新泾
414,合租·锦兰苑4居室-南卧,合租,742,18,3530,1,5,杨浦区,翔殷路
415,合租·桃浦新家园4居室-南卧,合租,825,18,2390,5,6,普陀区,桃浦新村
416,合租·新安小区3居室-南卧,合租,725,19,3460,2,6,长宁区,威宁路
417,合租·莘城公寓4居室-南卧,合租,454,14,3390,4,5,闵行区,莘庄
418,合租·天山中华园4居室-东南卧,合租,395,16,3860,12,14,长宁区,威宁路
419,合租·东明花苑3居室-南卧,合租,710,19,1790,1,7,松江区,松江新城
420,合租·万兆家园(四期)3居室-南卧,合租,729,17,2990,5,6,闵行区,七宝
421,合租·三湘四季花城3居室-南卧,合租,546,16,2030,10,14,松江区,松江大学城
422,合租·隆德小区2居室-北卧,合租,305,17,4290,8,21,普陀区,隆德路
423,合租·陆家嘴花园(二期)4居室-南卧,合租,911,18,3890,2,11,浦东新区,杨高中路
424,合租·保利天鹅语3居室-南卧,合租,673,15,1790,6,32,嘉定区,白银路
425,合租·悦达花苑4居室-南卧,合租,455,17,3460,1,9,长宁区,延安西路
426,合租·锦佳苑3居室-南卧,合租,748,26,3590,3,6,静安区,延长路
427,合租·亭汇花苑4居室-南卧,合租,446,16,2790,1,6,松江区,九亭
428,合租·玉佛城3居室-南卧,合租,184,15,3490,1,28,静安区,江宁路
429,合租·罗山八村4居室-南卧,合租,691,19,2960,2,6,浦东新区,德平路
430,合租·绿洲城市花园3居室-南卧,合租,526,15,4730,1,8,普陀区,长寿路
431,合租·绿洲城市花园3居室-南卧,合租,526,15,3760,4,11,普陀区,长寿路
432,合租·大华锦绣华城(十九街区)(公寓)4居室-南卧,合租,326,15,3690,5,10,浦东新区,下南路
433,合租·乳山三村2居室-南卧,合租,424,16,3360,4,6,浦东新区,东昌路
434,合租·象源丽都4居室-南卧,合租,615,15,3390,9,11,普陀区,真北路
435,合租·呼玛三村3居室-南卧,合租,311,16,2490,6,6,宝山区,呼兰路
436,合租·愉景华庭3居室-南卧,合租,906,17,2930,14,18,普陀区,上海西
437,合租·潍坊一村2居室-南卧,合租,849,18,3290,3,6,浦东新区,浦电路
438,合租·锦南花苑4居室-南卧,合租,1032,18,4230,15,18,浦东新区,蓝村路
439,合租·长峰大厦3居室-东卧,合租,578,21,3990,7,32,长宁区,中山公园
440,合租·嘉宝梦之缘景庭3居室-南卧,合租,1056,16,1860,6,20,嘉定区,白银路
441,合租·紫荆三村5居室-南卧,合租,588,21,1490,6,6,嘉定区,安亭
442,合租·罗山怡景苑4居室-东南卧,合租,589,16,3890,3,8,浦东新区,芳甸路
443,合租·白玉兰家园3居室-南卧,合租,371,14,4590,2,13,黄浦区,西藏南路
444,合租·黄山新村3居室-南卧,合租,591,16,2790,5,6,浦东新区,云山路
445,合租·吉浦小区3居室-南卧,合租,852,19,3230,5,20,虹口区,江湾镇
446,合租·马陆金沙湾4居室-南卧,合租,797,16,2090,7,18,嘉定区,马陆
447,合租·保利天鹅语3居室-南卧,合租,673,14,1790,13,32,嘉定区,白银路
448,合租·中远两湾城4居室-南卧,合租,459,15,4360,14,34,普陀区,中潭路
449,合租·新华公寓4居室-南卧,合租,871,20,3790,8,15,长宁区,虹桥路
450,合租·荣城花苑5居室-南卧,合租,307,14,3660,31,31,浦东新区,浦东大道
451,合租·新高苑(四期)4居室-南卧,合租,1313,14,2290,11,12,浦东新区,金京路
452,合租·中关村公寓4居室-南卧,合租,312,16,3660,17,24,普陀区,枫桥路
453,合租·亚都国际名园4居室-南卧,合租,35,14,4290,19,32,徐汇区,徐家汇
454,合租·海鑫公寓3居室-南卧,合租,889,21,3090,17,18,普陀区,金沙江路
455,合租·沙田公寓3居室-南卧,合租,1004,15,2330,4,6,浦东新区,华夏东路
456,合租·羽北小区3居室-南卧,合租,437,12,2960,5,6,浦东新区,民生路
457,合租·中宁大厦4居室-南卧,合租,855,20,4560,12,20,长宁区,中山公园
458,合租·纪念小区3居室-南卧,合租,680,18,2830,6,6,虹口区,大柏树
459,合租·淮海鑫城苑4居室-南卧,合租,254,15,4390,2,6,长宁区,虹桥路
460,合租·三湘四季花城4居室-南卧,合租,546,16,2560,11,14,松江区,松江大学城
461,合租·申立苑4居室-南卧,合租,524,22,3730,1,6,浦东新区,杨高中路
462,合租·大上海国际花园十五区4居室-南卧,合租,660,17,3330,1,6,闵行区,合川路
463,合租·交大公寓3居室-南卧,合租,699,16,3730,15,26,长宁区,虹桥路
464,合租·上海青年城3居室-南卧,合租,62,10,2430,18,19,松江区,九亭
465,合租·上海青年城3居室-南卧,合租,62,10,2430,7,17,松江区,九亭
466,合租·盛世年华4居室-南卧,合租,945,19,4990,16,32,浦东新区,源深体育中心
467,合租·上海青年城3居室-南卧,合租,62,10,2330,11,17,松江区,九亭
468,合租·虹桥世家花园(公寓)4居室-南卧,合租,805,18,4390,9,18,长宁区,中山公园
469,合租·虹桥世家花园(公寓)4居室-南卧,合租,805,19,4430,7,18,长宁区,中山公园
470,合租·大宅风范城4居室-南卧,合租,938,21,2630,3,6,嘉定区,金运路
471,合租·紫荆三村4居室-南卧,合租,588,16,1560,4,6,嘉定区,安亭
472,合租·康健路77弄3居室-南卧,合租,660,18,3090,6,6,徐汇区,漕宝路
473,合租·陆家嘴花园(一期)4居室-南卧,合租,658,15,4790,4,11,浦东新区,民生路
474,合租·上影广场(徐汇)3居室-南卧,合租,345,15,3660,18,31,徐汇区,上海体育馆
475,合租·桃浦新家园3居室-南卧,合租,825,17,2290,5,6,普陀区,桃浦新村
476,合租·崇文园4居室-南卧,合租,742,17,3330,12,14,静安区,延长路
477,合租·民乐佳苑一区4居室-南卧,合租,491,16,1890,5,6,青浦区,漕盈路
478,合租·爱法新都4居室-东卧,合租,740,19,2930,3,9,浦东新区,台儿庄路
479,合租·金祥苑3居室-南卧,合租,777,13,3290,5,6,徐汇区,桂林路
480,合租·民乐佳苑一区4居室-南卧,合租,491,16,1560,5,6,青浦区,漕盈路
481,整租·弘辉名苑2室1厅-南,整租,158,143,3490,6,22,黄浦区,西藏南路
482,合租·莘城公寓4居室-南卧,合租,454,14,3330,5,8,闵行区,莘庄
483,合租·华莘花园3居室-南卧,合租,606,16,2730,1,6,闵行区,中春路
484,合租·虹御公寓4居室-南卧,合租,203,13,2490,3,6,浦东新区,张江路
485,合租·保利叶之林(一期)4居室-南卧,合租,601,14,2630,9,13,宝山区,祁华路
486,合租·世纪苑3居室-南卧,合租,796,16,3590,13,18,闵行区,莲花路
487,合租·航华二村嘉丰公寓3居室-南卧,合租,902,18,2430,2,6,闵行区,航中路
488,合租·花木苑3居室-南卧,合租,847,21,3690,6,6,浦东新区,世纪公园
489,合租·金汇花园四街坊3居室-南卧,合租,741,17,2990,5,6,闵行区,龙柏新村
490,合租·铂金府3居室-南卧,合租,5,11,1760,16,18,嘉定区,白银路
491,合租·证大家园(四期)3居室-南卧,合租,531,14,2660,11,11,浦东新区,杨高北路
492,合租·复星新苑3居室-南卧,合租,469,15,2690,4,6,宝山区,行知路
493,合租·漕溪大楼3居室-南卧,合租,237,15,3390,5,14,徐汇区,上海体育馆
494,合租·宝地新品居3居室-南卧,合租,609,16,3690,7,11,长宁区,北新泾
495,合租·杨南新村3居室-南卧,合租,526,17,2390,1,6,浦东新区,上南路
496,合租·平南三四村3居室-南卧,合租,224,15,2760,5,6,闵行区,东兰路
497,合租·武宁路200弄3居室-北卧,合租,425,21,3760,6,6,普陀区,曹杨路
498,合租·杨南新村4居室-南卧,合租,526,20,2560,1,6,浦东新区,上南路
499,合租·江南山水3居室-南卧,合租,264,15,2690,3,11,浦东新区,五莲路
500,合租·创世纪花园4居室-南卧,合租,391,15,4390,11,34,徐汇区,上海体育馆
501,合租·新世纪公寓3居室-西卧,合租,528,16,3330,13,18,静安区,延长路
502,合租·南华苑4居室-南卧,合租,522,17,2660,3,6,宝山区,大华三路
503,合租·同济新村3居室-西南卧,合租,6,14,3490,1,6,杨浦区,同济大学
504,合租·佳泰花园4居室-南卧,合租,368,15,3430,1,6,杨浦区,黄兴公园
505,合租·锦秋花园4居室-南卧,合租,150,14,2290,6,6,松江区,上海大学
506,合租·燕宁苑4居室-东卧,合租,741,19,3490,2,11,普陀区,隆德路
507,合租·祥德路450弄3居室-南卧,合租,456,25,3530,2,5,虹口区,邮电新村
508,合租·明丰公寓4居室-西卧,合租,501,19,1760,2,7,松江区,松江新城
509,合租·高南新村3居室-南卧,合租,968,27,2690,1,6,浦东新区,外高桥保税区北
510,合租·三航小区2居室-南卧,合租,237,14,3560,1,5,浦东新区,东昌路
511,合租·瑞和城叁街区(鲁宁路80弄)4居室-南卧,合租,392,14,1560,12,17,闵行区,汇臻路
512,合租·丽都城假日景苑4居室-南卧,合租,374,14,1860,2,11,闵行区,金平路
513,合租·万兆家园(二期)(公寓)3居室-南卧,合租,555,15,2930,4,5,闵行区,七宝
514,合租·西郊家园(长宁)4居室-南卧,合租,218,15,3360,1,15,长宁区,上海动物园
515,合租·新梅共和城3居室-南卧,合租,274,12,2660,1,17,静安区,上海马戏城
516,合租·高华小区3居室-南卧,合租,454,15,1790,5,5,闵行区,江川路
517,合租·三佳苑3居室-南卧,合租,456,16,2630,6,6,闵行区,航中路
518,合租·中冶尚城3居室-南卧,合租,443,13,2430,8,11,浦东新区,洲海路
519,合租·春港丽园(公寓)2居室-南卧,合租,1165,18,3590,4,6,浦东新区,广兰路
520,合租·莲浦新苑3居室-南卧,合租,438,16,2490,1,6,闵行区,莘庄
521,合租·越秀苑4居室-南卧,合租,454,14,3830,13,27,静安区,中山北路
522,合租·骏丰嘉峰汇3居室-南卧,合租,1151,19,2490,12,18,嘉定区,南翔
523,合租·潍坊四村2居室-南卧,合租,573,14,3290,5,6,浦东新区,浦电路
524,合租·江南山水4居室-南卧,合租,264,14,3390,6,11,浦东新区,五莲路
525,整租·佳兆业壹号2室1厅-南,整租,648,125,5290,15,18,嘉定区,马陆
526,合租·名嘉新苑4居室-南卧,合租,1238,18,2590,8,11,浦东新区,浦三路
527,合租·圣骊澳门苑4居室-南卧,合租,741,17,3690,1,17,静安区,江宁路
528,合租·高南新村4居室-南卧,合租,968,18,1890,3,6,浦东新区,外高桥保税区北
529,合租·五星公寓3居室-北卧,合租,571,27,3890,21,24,普陀区,金沙江路
530,合租·陆家嘴花园(二期)4居室-南卧,合租,911,16,4860,4,10,浦东新区,杨高中路
531,合租·明安馨苑3居室-南卧,合租,304,14,3230,1,6,徐汇区,上海游泳馆
532,合租·玉佛城4居室-北卧,合租,184,16,3460,2,28,静安区,江宁路
533,合租·吴东小区3居室-南卧,合租,548,16,3490,1,6,长宁区,虹桥路
534,合租·精文城上城4居室-南卧,合租,759,16,3690,7,30,静安区,中兴路
535,合租·恒大华城上河苑4居室-南卧,合租,1054,15,2790,6,6,浦东新区,杨思
536,合租·云都苑4居室-南卧,合租,531,16,3960,8,24,普陀区,长寿路
537,合租·华苑大厦4居室-南卧,合租,362,15,3290,21,29,徐汇区,上海体育馆
538,合租·静安晶华园4居室-南卧,合租,765,20,3490,1,18,静安区,江宁路
539,合租·锦桂苑4居室-南卧,合租,582,16,1890,4,6,松江区,松江新城
540,合租·佳安公寓4居室-西卧,合租,720,22,3930,9,34,徐汇区,上海体育场
541,合租·明园小安桥5居室-南卧,合租,546,16,3060,5,16,徐汇区,宜山路
542,合租·薛家宅小区3居室-南卧,合租,1035,20,3460,4,7,徐汇区,桂林公园
543,合租·联星丽景苑3居室-南卧,合租,321,12,2530,4,18,普陀区,桃浦新村
544,合租·金诚花园3居室-南卧,合租,363,15,3760,11,18,徐汇区,宜山路
545,合租·金诚花园3居室-南卧,合租,363,15,3630,8,18,徐汇区,宜山路
546,合租·胡姬花园4居室-南卧,合租,866,18,3630,13,15,浦东新区,张江高科
547,合租·巨峰家苑(公寓)3居室-南卧,合租,264,14,2690,6,14,浦东新区,杨高北路
548,合租·星辰园(公寓)3居室-南卧,合租,434,14,2090,8,18,松江区,松江大学城
549,合租·明辉苑3居室-南卧,合租,172,14,3590,2,16,徐汇区,宜山路
550,合租·双桥小区3居室-南卧,合租,1028,17,2490,3,6,浦东新区,巨峰路
551,合租·闵浦一村4居室-南卧,合租,382,14,1690,6,6,闵行区,三鲁公路
552,合租·菊泉新城(陆翔路358弄)3居室-南卧,合租,473,13,1890,5,7,宝山区,顾村公园
553,合租·龙湖蔚澜香醍4居室-北卧,合租,486,16,1730,3,30,嘉定区,白银路
554,合租·金地湾流域（一期518弄别墅/大洋房）6居室-南卧,合租,447,15,2990,3,14,浦东新区,三林东
555,合租·南洋新都3居室-南卧,合租,482,16,3430,2,13,长宁区,威宁路
556,合租·葑润华庭3居室-南卧,合租,327,15,1930,2,6,宝山区,祁华路
558,合租·金榜人家4居室-南卧,合租,21,13,1790,5,6,闵行区,东川路
559,合租·安顺路363号3居室-南卧,合租,668,16,4690,6,7,长宁区,伊犁路
560,合租·曹家巷小区2居室-南卧,合租,328,13,3590,3,6,普陀区,金沙江路
561,合租·西南名苑5居室-南卧,合租,724,42,3090,9,9,松江区,泗泾
564,合租·上海大花园5居室-南卧,合租,796,18,3760,9,23,虹口区,大连路
565,合租·苏堤春晓名苑4居室-东北卧,合租,561,17,3760,3,24,普陀区,武宁路
566,合租·九英里3居室-南卧,合租,1194,17,2560,4,12,宝山区,通河新村
567,合租·新青浦佳园4居室-南卧,合租,442,16,1990,1,5,青浦区,青浦新城
568,合租·瑞和城叁街区(鲁宁路80弄)3居室-南卧,合租,392,12,1630,10,17,闵行区,汇臻路
569,合租·奥塞花园4居室-南卧,合租,638,16,2390,1,9,闵行区,春申路
570,合租·和源馨苑3居室-南卧,合租,657,16,3390,35,35,静安区,中兴路
571,合租·建设公寓3居室-南卧,合租,1129,23,3260,4,6,虹口区,江湾镇
572,合租·明园森林都市4居室-东卧,合租,686,18,2860,1,24,静安区,汶水路
573,合租·阳城花园3居室-南卧,合租,351,15,2890,3,6,宝山区,行知路
574,合租·音乐广场4居室-南卧,合租,180,13,3830,10,28,静安区,江宁路
575,合租·永盛苑4居室-南卧,合租,498,16,3030,19,32,静安区,汉中路
576,合租·西雅图嘉萱苑3居室-南卧,合租,713,15,4590,19,26,徐汇区,漕宝路
577,合租·金沙雅苑(二期)4居室-南卧,合租,370,14,3630,10,13,普陀区,祁连山南路
578,合租·安顺路231弄2居室-南卧,合租,682,18,3690,1,6,长宁区,虹桥路
579,合租·兰园小区2居室-南卧,合租,831,18,3390,5,6,浦东新区,商城路
580,合租·黄浦新苑(公寓)4居室-南卧,合租,277,14,4390,16,29,黄浦区,陆家浜路
581,合租·昌七小区3居室-南卧,合租,551,16,3090,2,6,浦东新区,东明路
582,合租·秋月枫舍4居室-南卧,合租,250,14,3860,28,32,普陀区,镇坪路
583,合租·绿洲湖畔花园4居室-南卧,合租,394,14,4360,16,25,普陀区,真北路
584,合租·潍坊二村2居室-南卧,合租,1080,18,3490,5,6,浦东新区,浦电路
585,合租·长峰馨园3居室-南卧,合租,521,15,3590,15,34,黄浦区,小南门
586,合租·新城盛世4居室-南卧,合租,479,13,2090,8,16,青浦区,漕盈路
587,合租·水岸豪庭4居室-北卧,合租,372,17,3290,7,17,普陀区,隆德路
588,合租·润江花苑3居室-南卧,合租,1634,23,2290,4,6,松江区,泗泾
589,合租·金汇花园四街坊4居室-南卧,合租,741,17,3430,6,7,闵行区,龙柏新村
590,合租·中冶翔腾3居室-南卧,合租,204,13,2330,14,16,嘉定区,南翔
591,合租·申银发展大厦(公寓)4居室-西南卧,合租,839,15,3860,5,29,静安区,南京西路
592,合租·上南大厦3居室-南卧,合租,3,9,2990,14,24,浦东新区,云台路
593,合租·新凯二期3居室-南卧,合租,1435,22,2490,3,6,松江区,佘山
594,合租·安亭大厦4居室-南卧,合租,748,17,1490,4,18,嘉定区,安亭
595,合租·广友小区3居室-南卧,合租,267,15,3290,6,6,长宁区,淞虹路
596,合租·丹桂花园3居室-南卧,合租,913,19,2630,1,6,闵行区,航中路
597,合租·香山苑3居室-南卧,合租,996,24,3090,23,24,普陀区,金沙江路
599,合租·华中公寓3居室-南卧,合租,153,13,1730,5,6,松江区,松江体育中心
600,合租·乐业公寓3居室-南卧,合租,633,16,3460,3,6,静安区,西藏北路
601,合租·宏润花园4居室-南卧,合租,406,15,4790,6,21,徐汇区,漕溪路
602,合租·复星花园(行知路50弄)3居室-南卧,合租,74,14,2590,4,6,宝山区,行知路
603,合租·管弄五六街坊3居室-南卧,合租,887,18,3090,5,6,普陀区,岚皋路
604,合租·铂金府3居室-南卧,合租,5,11,1590,16,18,嘉定区,白银路
605,合租·世博花园4居室-西北卧,合租,385,16,3330,7,18,虹口区,邮电新村
606,合租·瞿溪新村3居室-南卧,合租,482,17,3230,6,6,黄浦区,南浦大桥
607,合租·永和雅园3居室-南卧,合租,956,16,2960,1,6,宝山区,行知路
608,合租·中福花苑3居室-南卧,合租,313,14,3790,11,19,黄浦区,南浦大桥
609,合租·荣丰花园3居室-南卧,合租,378,15,2960,5,6,杨浦区,宁国路
610,合租·由由七村3居室-南卧,合租,593,16,2790,5,6,浦东新区,杨高南路
611,合租·纯翠苑5居室-南卧,合租,717,17,2630,6,6,浦东新区,上南路
612,合租·奥林匹克花园5居室-南卧,合租,935,22,2530,4,4,闵行区,中春路
613,合租·宏明雅舍3居室-南卧,合租,90,14,2760,6,6,闵行区,星中路
614,合租·葑润华庭3居室-南卧,合租,327,14,2090,4,6,宝山区,祁华路
615,合租·大华锦绣华城(十九街区)(公寓)5居室-南卧,合租,326,15,3590,6,6,浦东新区,下南路
616,合租·地杰国际城D街坊3居室-南卧,合租,523,11,2230,18,27,浦东新区,御桥
617,整租·中远两湾城2室1厅-南,整租,459,111,8700,7,34,普陀区,中潭路
618,合租·宝华现代城4居室-南卧,合租,271,14,3360,13,28,静安区,上海马戏城
619,合租·保利天鹅语3居室-南卧,合租,673,14,1890,16,18,嘉定区,白银路
620,合租·长阳新苑4居室-南卧,合租,345,15,3460,2,9,杨浦区,宁国路
622,合租·御景豪园4居室-南卧,合租,779,16,2330,4,12,浦东新区,华夏东路
623,合租·象源丽都3居室-南卧,合租,615,15,3790,5,13,普陀区,真北路
624,合租·象源丽都3居室-南卧,合租,615,15,3560,10,13,普陀区,真北路
625,合租·张江汤臣豪园(四期)3居室-南卧,合租,821,16,4260,2,12,浦东新区,张江高科
626,合租·珠光苑4居室-南卧,合租,490,16,2060,1,6,浦东新区,华夏东路
627,合租·大发融悦4居室-南卧,合租,528,14,1590,3,8,青浦区,淀山湖大道
628,合租·万达城市公寓3居室-南卧,合租,927,17,3030,10,12,嘉定区,金运路
629,合租·证大家园(二期)4居室-南卧,合租,432,13,2490,6,6,浦东新区,杨高北路
630,合租·紫荆三村4居室-南卧,合租,588,15,1530,5,6,嘉定区,安亭
631,合租·中冶尚城3居室-南卧,合租,443,14,2490,2,14,浦东新区,洲海路
632,合租·华升新苑6居室-北卧,合租,366,17,2990,6,6,杨浦区,江浦路
633,合租·三林新村(永泰路133弄)3居室-北卧,合租,1301,23,2630,15,18,浦东新区,三林
634,合租·西部俊园4居室-南卧,合租,174,11,3330,10,25,普陀区,武宁路
635,合租·文化花园清华苑3居室-南卧,合租,495,14,3330,3,6,虹口区,江湾镇
636,合租·瑞和城叁街区(鲁宁路80弄)3居室-南卧,合租,392,12,1630,4,17,闵行区,汇臻路
637,合租·星辰园(公寓)4居室-南卧,合租,434,14,2590,13,18,松江区,松江大学城
638,合租·顺馨佳园4居室-南卧,合租,1076,16,2690,4,6,浦东新区,华夏东路
639,合租·翰城国际4居室-南卧,合租,749,15,2760,4,13,浦东新区,华夏西路
640,合租·联星丽景苑4居室-南卧,合租,321,13,2890,3,18,普陀区,桃浦新村
641,合租·城市经典四期高迪3居室-东南卧,合租,560,15,3690,10,13,浦东新区,广兰路
642,合租·云都苑4居室-西卧,合租,531,17,3430,4,24,普陀区,长寿路
643,整租·曹杨五月天1室1厅-南,整租,816,65,6290,15,18,普陀区,上海西
644,合租·白银时代(三期)3居室-南卧,合租,414,12,1890,12,18,嘉定区,白银路
645,合租·长阳新苑3居室-南卧,合租,345,14,3430,7,7,杨浦区,宁国路
646,合租·远景时代3居室-南卧,合租,230,15,2630,5,6,宝山区,行知路
647,合租·南林公寓3居室-南卧,合租,762,13,3390,12,25,徐汇区,宜山路
648,合租·瑞虹新城(一期)4居室-南卧,合租,649,15,4230,22,39,虹口区,临平路
649,合租·美兰湖颐景园4居室-南卧,合租,996,21,1690,5,6,宝山区,罗南新村
650,合租·汇翠花园4居室-北卧,合租,278,15,4090,18,34,徐汇区,上海体育馆
651,合租·桃浦四村易居紫荆苑3居室-南卧,合租,555,13,2290,4,6,普陀区,桃浦新村
652,合租·金汇华光城4居室-南卧,合租,1006,21,3260,4,12,闵行区,龙柏新村
653,合租·广洋苑5居室-南卧,合租,554,17,2690,5,6,浦东新区,云山路
654,合租·水电小区3居室-南卧,合租,875,20,3090,7,7,虹口区,大柏树
655,合租·京元苑4居室-南卧,合租,719,17,3590,6,6,静安区,昌平路
656,合租·祁连二村3居室-南卧,合租,918,17,1990,3,6,松江区,上海大学
658,合租·瞿溪路1032弄2居室-南卧,合租,13,15,3590,6,6,黄浦区,鲁班路
659,合租·建德花园丁香苑4居室-南卧,合租,1152,18,2830,2,7,普陀区,祁连山南路
660,合租·逸景佳苑4居室-南卧,合租,634,15,2790,1,12,宝山区,殷高西路
661,合租·新浦江城(浦申路1288弄)4居室-南卧,合租,1051,20,3390,4,4,闵行区,浦江镇
662,合租·中远两湾城4居室-西南卧,合租,459,14,4090,18,36,普陀区,中潭路
663,合租·钻石苑4居室-南卧,合租,951,18,2030,4,6,浦东新区,川沙
664,合租·阳明花园广场（一期）5居室-西南卧,合租,644,20,2290,10,15,浦东新区,航津路
665,合租·翠竹苑4居室-南卧,合租,858,22,3790,6,6,浦东新区,三林东
666,合租·申汉小区3居室-南卧,合租,161,14,3230,1,7,普陀区,大渡河路
667,合租·红梅苑4居室-南卧,合租,863,17,1390,4,5,闵行区,汇臻路
668,合租·阳光花城4居室-南卧,合租,164,12,3660,11,19,浦东新区,广兰路
669,合租·建设新苑3居室-南卧,合租,166,13,3090,9,14,杨浦区,爱国路
670,合租·新城尚上城3居室-南卧,合租,138,12,1690,3,15,嘉定区,上海汽车城
671,合租·宜嘉苑4居室-南卧,合租,1053,17,3030,5,6,浦东新区,杨高北路
672,合租·金光小区3居室-南卧,合租,417,13,2430,2,6,浦东新区,三林
673,合租·世博花园4居室-东南卧,合租,385,14,3690,7,18,虹口区,邮电新村
674,合租·实业公寓4居室-东卧,合租,177,16,3690,14,28,徐汇区,徐家汇
675,合租·恒大翰城瀚林苑5居室-南卧,合租,536,15,2630,6,6,浦东新区,华夏西路
676,合租·实业公寓4居室-东卧,合租,177,16,3590,4,28,徐汇区,徐家汇
677,合租·莱阳新家园4居室-南卧,合租,728,13,2590,6,6,浦东新区,东陆路
678,合租·世博家园十一街坊3居室-南卧,合租,1067,14,2490,9,11,闵行区,联航路
679,合租·东方汇景苑4居室-南卧,合租,181,13,3390,14,17,浦东新区,上海儿童医学中心
680,合租·金沙雅苑(一期)4居室-南卧,合租,392,15,2890,5,7,普陀区,祁连山南路
681,合租·虹桥世家花园(公寓)4居室-西南卧,合租,805,18,4490,3,18,长宁区,中山公园
682,合租·凌兆路88弄3居室-南卧,合租,305,14,2690,4,6,浦东新区,凌兆新村
683,合租·大宅风范城4居室-南卧,合租,938,21,2660,1,13,嘉定区,金运路
684,合租·欣晟家园4居室-南卧,合租,844,19,3290,3,29,浦东新区,上海儿童医学中心
685,合租·逸仙二村3居室-南卧,合租,1512,18,2790,6,7,宝山区,殷高西路
686,合租·欧风花都4居室-南卧,合租,918,17,3390,1,6,闵行区,东兰路
687,合租·三航小区2居室-南卧,合租,237,13,3990,5,6,浦东新区,东昌路
688,合租·佳龙花园4居室-南卧,合租,394,15,3590,6,14,杨浦区,黄兴公园
689,合租·上大阳光乾泽园4居室-南卧,合租,1103,17,2390,3,5,宝山区,上大路
690,合租·梅花苑3居室-南卧,合租,877,16,3560,4,6,浦东新区,世纪公园
692,合租·新梅公寓一期3居室-南卧,合租,591,15,2660,4,6,闵行区,外环路
693,合租·天山五村(旧)3居室-南卧,合租,723,16,3290,6,6,长宁区,娄山关路
694,合租·紫叶花园东园3居室-南卧,合租,216,12,2760,5,6,浦东新区,北蔡
696,合租·中远两湾城3居室-南卧,合租,459,15,3330,5,33,普陀区,中潭路
697,合租·车站新村(普陀)3居室-南卧,合租,300,14,2530,1,6,普陀区,上海西
698,合租·上海阳城4居室-南卧,合租,675,15,2530,2,6,闵行区,外环路
699,合租·馨佳园(韶山路419弄)3居室-南卧,合租,521,14,1830,8,11,宝山区,潘广路
700,合租·永达城市公寓4居室-南卧,合租,605,15,2230,2,8,浦东新区,川沙
701,合租·瑞丰园4居室-南卧,合租,710,16,2290,2,5,宝山区,祁华路
702,合租·银欣花苑(虹口)5居室-南卧,合租,534,17,3090,1,8,虹口区,海伦路
703,合租·达安春之声4居室-南卧,合租,378,13,2960,4,16,普陀区,上海西
704,合租·正南花苑4居室-南卧,合租,577,16,3490,3,6,徐汇区,上海南
705,合租·招商海德名门4居室-南卧,合租,491,14,2690,2,18,宝山区,富锦路
706,合租·上海花城3居室-南卧,合租,1155,19,4090,10,11,长宁区,娄山关路
709,合租·金铭福邸4居室-南卧,合租,133,13,1630,2,10,闵行区,金平路
710,合租·锦绣华都3居室-南卧,合租,1609,17,2430,15,18,浦东新区,御桥
711,合租·陈家门小区2居室-南卧,合租,557,16,3230,6,6,浦东新区,浦东大道
712,合租·建德花园郁金香苑(公寓)4居室-南卧,合租,911,17,2890,2,6,嘉定区,丰庄
713,合租·民东公寓3居室-南卧,合租,476,14,2060,5,7,嘉定区,南翔
714,合租·静安城3居室-南卧,合租,590,15,3790,27,33,长宁区,江苏路
715,合租·万科琥珀郡园4居室-南卧,合租,915,16,1890,3,6,宝山区,罗南新村
716,合租·新梅共和城3居室-南卧,合租,274,14,3360,1,14,静安区,上海马戏城
717,合租·凯旋花苑3居室-南卧,合租,488,15,3460,1,30,徐汇区,上海体育馆
718,合租·中大雅苑3居室-南卧,合租,441,15,2660,4,11,浦东新区,五莲路
719,合租·富丽苑4居室-南卧,合租,931,16,1990,2,6,宝山区,罗南新村
720,合租·名都城(公寓)4居室-南卧,合租,994,16,3690,10,14,长宁区,水城路
722,合租·金桥新村四街坊3居室-南卧,合租,593,16,2430,4,6,浦东新区,博兴路
723,合租·塔城路800弄3居室-南卧,合租,1030,17,1390,3,6,嘉定区,嘉定西
724,合租·龙湖蔚澜香醍4居室-南卧,合租,486,13,1790,30,31,嘉定区,白银路
725,合租·马陆金沙湾4居室-南卧,合租,797,15,1690,24,24,嘉定区,马陆
726,合租·合欢公寓4居室-南卧,合租,568,16,2090,1,6,浦东新区,华夏东路
727,合租·新城金郡4居室-北卧,合租,803,26,2290,5,5,嘉定区,白银路
728,合租·新青浦佳园3居室-南卧,合租,442,14,1630,2,5,青浦区,青浦新城
729,合租·三泾南宅3居室-东卧,合租,309,16,3730,5,7,长宁区,延安西路
730,合租·名都新城（一期、二期）3居室-南卧,合租,32,13,2230,10,11,闵行区,莘庄
731,合租·沙田公寓3居室-南卧,合租,1004,17,1960,4,6,浦东新区,华夏东路
732,合租·锦泰苑3居室-南卧,合租,806,16,2060,3,6,松江区,上海大学
733,合租·桃浦二村永汇新苑3居室-南卧,合租,653,12,2060,5,6,普陀区,桃浦新村
734,合租·缘圆宝邸3居室-南卧,合租,178,12,2390,3,7,嘉定区,金运路
735,合租·万航小区2居室-南卧,合租,427,14,3460,2,25,普陀区,隆德路
736,合租·淞园大厦3居室-南卧,合租,659,15,3660,21,22,黄浦区,西藏南路
737,合租·东方城市花园(二期)4居室-南卧,合租,898,17,4260,13,14,浦东新区,上海儿童医学中心
738,合租·芳草苑(浦东)3居室-南卧,合租,338,14,2590,4,6,浦东新区,芳华路
739,合租·鑫都佳园3居室-南卧,合租,93,13,2930,5,6,普陀区,新村路
740,合租·桃林小区4居室-南卧,合租,638,24,3290,6,6,浦东新区,杨高中路
741,合租·茂兴路55弄3居室-南卧,合租,528,15,2960,4,5,浦东新区,塘桥
742,合租·民乐佳苑一区4居室-南卧,合租,491,15,1930,3,6,青浦区,漕盈路
743,合租·光明城市4居室-南卧,合租,636,16,3430,22,33,静安区,江宁路
744,合租·华中公寓3居室-南卧,合租,153,13,1490,5,6,松江区,松江体育中心
745,合租·同进理想城2居室-南卧,合租,1617,24,2860,5,9,嘉定区,南翔
746,合租·汇智湖畔家园4居室-南卧,合租,989,16,4290,7,18,浦东新区,金科路
747,合租·马陆金沙湾4居室-南卧,合租,797,15,1790,14,24,嘉定区,马陆
748,合租·好日子大家园B区3居室-南卧,合租,691,14,1830,3,6,宝山区,刘行
749,合租·聚丰景都4居室-南卧,合租,1378,19,2030,4,6,宝山区,祁华路
750,合租·长寿新村(普陀)3居室-南卧,合租,411,14,3490,7,26,普陀区,长寿路
751,合租·冠都公寓3居室-南卧,合租,525,15,3290,17,18,虹口区,虹口足球场
752,合租·浦江颐城晶寓（南区）4居室-南卧,合租,1193,22,2560,1,7,闵行区,浦江镇
753,合租·中房公寓3居室-南卧,合租,912,17,2290,6,11,嘉定区,金运路
754,合租·上泰雅苑3居室-南卧,合租,825,17,2590,1,5,浦东新区,东陆路
755,合租·新天家园5居室-南卧,合租,737,13,3590,6,18,浦东新区,杨高中路
756,合租·绿地世纪城(三期)3居室-南卧,合租,379,13,4490,17,33,普陀区,曹杨路
757,合租·永泰花苑3居室-南卧,合租,1147,17,2490,2,11,浦东新区,三林
758,合租·定西路1235弄3居室-南卧,合租,571,15,3490,6,6,长宁区,中山公园
759,合租·三泾南宅3居室-南卧,合租,309,15,3260,1,7,长宁区,延安西路
760,合租·田林十村3居室-东南卧,合租,308,15,3560,4,6,徐汇区,桂林路
761,合租·南洋新都3居室-南卧,合租,482,14,4460,2,9,长宁区,威宁路
762,合租·金沙雅苑(四期)4居室-东卧,合租,87,14,3090,13,18,普陀区,祁连山南路
763,合租·星辰园(公寓)3居室-南卧,合租,434,13,1990,5,18,松江区,松江大学城
764,合租·车站新村(普陀)2居室-南卧,合租,300,14,2630,7,18,普陀区,上海西
765,合租·中远两湾城6居室-西南卧,合租,459,13,3090,2,34,普陀区,中潭路
766,合租·佳安公寓4居室-西卧,合租,720,19,3730,30,34,徐汇区,上海体育场
767,合租·瀚盛家园4居室-南卧,合租,1795,17,2930,1,6,浦东新区,唐镇
768,合租·恒丰古北家苑4居室-南卧,合租,402,15,3530,6,18,静安区,汉中路
769,合租·惠扬大厦4居室-南卧,合租,1177,20,3330,7,25,浦东新区,源深体育中心
770,合租·学林苑4居室-南卧,合租,1185,19,2430,2,6,松江区,上海大学
771,合租·罗智路258弄4居室-南卧,合租,1345,18,1690,7,18,宝山区,罗南新村
772,合租·清池苑3居室-南卧,合租,1047,23,2990,6,6,长宁区,北新泾
773,合租·荣乐小区4居室-南卧,合租,125,14,1630,6,6,松江区,松江体育中心
774,合租·高华小区3居室-南卧,合租,454,15,1660,5,5,闵行区,江川路
775,合租·诸家宅小区2居室-北卧,合租,39,15,3090,3,6,徐汇区,龙漕路
776,合租·同德公寓3居室-南卧,合租,49,13,3290,4,7,普陀区,长寿路
777,合租·明珠花苑(浦东)4居室-南卧,合租,811,19,2930,7,24,浦东新区,长清路
778,合租·飞虹路723弄2居室-东南卧,合租,937,20,3560,4,6,杨浦区,鞍山新村
779,合租·广顺小区3居室-南卧,合租,789,17,3360,6,6,长宁区,淞虹路
780,合租·华丰苑(阳光新居)4居室-南卧,合租,924,23,1990,1,6,闵行区,颛桥
781,合租·金鼎公寓(浦东)4居室-南卧,合租,196,11,3860,7,12,浦东新区,商城路
782,合租·春光家园4居室-南卧,合租,1086,27,2830,4,4,普陀区,桃浦新村
783,合租·金沙雅苑(三期)3居室-南卧,合租,879,13,3360,3,18,普陀区,祁连山南路
784,合租·巨峰家苑(公寓)3居室-南卧,合租,264,14,2560,11,14,浦东新区,杨高北路
785,合租·上海花园(公寓)4居室-南卧,合租,579,17,2490,15,18,闵行区,莲花路
786,合租·环镇北路323弄3居室-南卧,合租,657,17,2390,6,6,宝山区,场中路
787,合租·梅园一街坊2居室-南卧,合租,356,14,3390,5,6,浦东新区,浦东大道
788,合租·滨江公园壹号4居室-南卧,合租,950,15,2290,5,6,宝山区,祁华路
789,合租·凌兆新村(上浦路69弄)3居室-东北卧,合租,504,18,2760,6,6,浦东新区,凌兆新村
790,合租·秋月枫舍6居室-南卧,合租,250,15,3230,18,18,普陀区,镇坪路
791,合租·士林华苑3居室-南卧,合租,890,15,4260,10,26,黄浦区,老西门
792,合租·金港花园(公寓)4居室-南卧,合租,1053,26,2360,5,5,松江区,泗泾
793,合租·森兰名轩(二期)4居室-南卧,合租,398,14,2390,7,11,浦东新区,东靖路
794,合租·奥林匹克花园4居室-南卧,合租,935,12,2260,2,4,闵行区,中春路
795,合租·龙柏公寓4居室-南卧,合租,747,17,3260,6,6,闵行区,龙柏新村
796,合租·华中大厦4居室-南卧,合租,658,16,3390,6,18,长宁区,虹桥路
797,合租·椰泰公寓6居室-南卧,合租,714,16,3290,5,5,杨浦区,江湾体育场
798,合租·永乐苑3居室-南卧,合租,1052,17,2690,6,7,静安区,延长路
799,合租·春申府邸3居室-南卧,合租,228,15,2690,6,6,闵行区,春申路
800,合租·嘉丰佳苑4居室-南卧,合租,1190,18,1590,2,6,嘉定区,嘉定西
801,合租·卢湾都市花园4居室-南卧,合租,309,14,4890,25,28,黄浦区,鲁班路
802,合租·巴黎之春4居室-南卧,合租,542,14,3290,8,9,普陀区,上海西
804,合租·南方城3居室-南卧,合租,514,14,3660,3,14,闵行区,莲花路
805,合租·张江汤臣豪园(二期)4居室-南卧,合租,590,16,3260,1,16,浦东新区,金科路
806,合租·金宝大厦4居室-北卧,合租,236,15,3030,22,26,虹口区,东宝兴路
807,合租·阳光花城4居室-南卧,合租,164,13,3390,15,19,浦东新区,广兰路
808,合租·南茶园3居室-南卧,合租,1045,19,2890,2,6,杨浦区,国权路
809,合租·新梅共和城3居室-南卧,合租,274,14,3290,10,18,静安区,上海马戏城
810,合租·保利西子湾4居室-南卧,合租,998,17,1890,13,14,松江区,松江大学城
811,合租·凤城二村2居室-南卧,合租,514,14,2930,4,6,杨浦区,江浦路
812,合租·东方丽景5居室-南卧,合租,407,14,2860,12,18,浦东新区,巨峰路
813,合租·博学家园3居室-南卧,合租,689,13,2790,5,6,浦东新区,高青路
814,合租·界龙阳光苑4居室-南卧,合租,1058,20,2230,3,5,浦东新区,川沙
815,合租·中远两湾城4居室-南卧,合租,459,13,4560,32,35,普陀区,中潭路
816,合租·丽都城假日景苑3居室-南卧,合租,374,14,1860,8,11,闵行区,金平路
817,合租·五一新村4居室-南卧,合租,1439,17,2090,3,13,嘉定区,南翔
818,合租·上南一村3居室-南卧,合租,256,15,2930,4,6,浦东新区,耀华路
819,合租·地杰国际城F欧香四季3居室-南卧,合租,191,13,2530,11,18,浦东新区,御桥
820,合租·绿地世纪城(一期)4居室-南卧,合租,588,15,4330,1,18,普陀区,曹杨路
821,合租·天山中华园4居室-西南卧,合租,395,15,4390,12,14,长宁区,威宁路
822,合租·龙山新村2居室-南卧,合租,432,14,3590,2,6,徐汇区,上海体育场
823,合租·丽园公寓3居室-南卧,合租,139,15,3390,7,7,黄浦区,陆家浜路
824,合租·景谷苑3居室-南卧,合租,1043,19,2290,6,6,闵行区,华宁路
825,合租·东源名都3居室-北卧,合租,416,13,2490,5,17,浦东新区,金京路
826,合租·协和大厦3居室-南卧,合租,155,13,2890,2,6,静安区,中山北路
827,合租·凌兆新村(上浦路565弄)3居室-南卧,合租,670,15,2490,5,6,浦东新区,灵岩南路
828,合租·水语人家南苑3居室-南卧,合租,356,13,1830,2,11,虹口区,闵瑞路
829,合租·长风三村3居室-南卧,合租,632,16,2830,1,6,普陀区,大渡河路
830,合租·天恒名城4居室-南卧,合租,1998,19,2630,2,11,闵行区,颛桥
831,合租·丽都成品3居室-南卧,合租,611,14,2990,14,17,浦东新区,五莲路
832,合租·达安花园3居室-南卧,合租,390,13,3790,19,24,普陀区,武宁路
833,合租·云台大厦4居室-南卧,合租,141,14,2760,12,28,浦东新区,云台路
834,合租·上海花城4居室-南卧,合租,1155,21,3860,4,9,长宁区,娄山关路
835,合租·好日子大家园A区3居室-南卧,合租,345,13,1760,3,6,宝山区,刘行
836,合租·天钥新村3居室-南卧,合租,266,15,3460,6,6,徐汇区,上海体育场
837,合租·文化馨苑3居室-南卧,合租,713,14,2830,3,6,浦东新区,锦绣路
838,合租·美罗家园罗翔苑4居室-南卧,合租,873,14,1790,10,18,宝山区,罗南新村
839,合租·万都花园(普陀)3居室-南卧,合租,504,13,3890,10,13,普陀区,金沙江路
840,合租·真源小区4居室-南卧,合租,1214,24,2790,4,7,普陀区,真北路
841,合租·金沙嘉年华4居室-南卧,合租,611,14,2930,10,11,普陀区,祁连山南路
843,合租·伟莱家园6居室-南卧,合租,193,13,3390,6,6,浦东新区,东陆路
844,合租·民星二村3居室-南卧,合租,718,16,2830,4,6,杨浦区,嫩江路
845,合租·民乐佳苑一区4居室-南卧,合租,491,13,1890,5,6,青浦区,漕盈路
846,合租·宝虹新苑3居室-南卧,合租,383,14,4060,16,24,虹口区,东宝兴路
847,合租·阳光里(黄浦)3居室-南卧,合租,606,14,3930,11,30,黄浦区,南浦大桥
848,合租·伟莱家园5居室-南卧,合租,193,14,2990,6,6,浦东新区,东陆路
849,合租·瑞和城叁街区(鲁宁路80弄)3居室-南卧,合租,392,12,1460,4,17,闵行区,汇臻路
850,合租·新城香溢璟庭(二期)6居室-南卧,合租,1553,17,1890,5,8,嘉定区,白银路
851,合租·凤城四村3居室-南卧,合租,904,17,3060,5,6,杨浦区,黄兴路
852,合租·龙博公寓3居室-南卧,合租,346,12,2860,10,14,浦东新区,北蔡
853,合租·联洋花园(三期)4居室-西南卧,合租,679,15,4390,3,25,浦东新区,芳甸路
854,合租·河风丽景4居室-南卧,合租,456,15,3890,1,18,长宁区,北新泾
855,合租·乾阳佳园4居室-南卧,合租,994,18,3060,6,6,虹口区,江湾镇
856,合租·嘉华苑(宝山)4居室-南卧,合租,653,15,2790,4,11,普陀区,新村路
857,合租·东昌新村2居室-南卧,合租,283,13,3590,2,6,浦东新区,东昌路
858,合租·欧五小区3居室-南卧,合租,769,16,2990,4,5,虹口区,曲阳路
859,合租·龙昌苑4居室-南卧,合租,901,16,2990,3,6,浦东新区,芳华路
860,合租·长峰大厦3居室-北卧,合租,578,16,3660,7,32,长宁区,中山公园
861,合租·翰城国际3居室-南卧,合租,749,14,2790,5,13,浦东新区,华夏西路
863,合租·紫荆三村4居室-南卧,合租,588,14,1760,5,6,嘉定区,安亭
864,合租·美罗家园罗翔苑4居室-南卧,合租,873,14,1790,6,18,宝山区,罗南新村
865,合租·弘扬沁园4居室-南卧,合租,313,14,3890,13,14,浦东新区,北洋泾路
866,合租·未来域4居室-南卧,合租,523,13,2790,8,11,浦东新区,浦三路
867,合租·玉兰花苑3居室-西卧,合租,476,16,3590,23,25,徐汇区,上海体育馆
868,合租·白银时代(三期)5居室-南卧,合租,414,10,1660,19,22,嘉定区,白银路
869,合租·建德花园牡丹苑3居室-南卧,合租,1146,17,2960,1,6,普陀区,祁连山南路
870,合租·金榜人家4居室-南卧,合租,21,13,1660,5,6,闵行区,东川路
871,合租·安居朝阳园3居室-南卧,合租,1128,16,2830,4,6,普陀区,真北路
872,合租·亿润苑3居室-南卧,合租,1321,25,3630,17,17,静安区,汶水路
873,合租·曹家巷小区3居室-南卧,合租,328,14,3390,5,7,普陀区,金沙江路
874,合租·上南花苑一期3居室-南卧,合租,335,15,2530,1,6,浦东新区,云台路
875,合租·岭南苑(凌兆路127弄)7居室-南卧,合租,658,16,2660,6,6,浦东新区,凌兆新村
876,合租·白银时代(三期)5居室-南卧,合租,414,14,1660,13,18,嘉定区,白银路
877,合租·柏丽华庭4居室-南卧,合租,298,13,2590,1,18,宝山区,宝安公路
878,合租·薛家宅小区3居室-南卧,合租,1035,19,3260,1,7,徐汇区,桂林公园
879,合租·南长苑3居室-南卧,合租,859,20,3790,1,6,长宁区,江苏路
880,合租·新明星花园3居室-南卧,合租,1258,20,2760,3,6,闵行区,航中路
881,合租·新城金郡3居室-南卧,合租,803,15,1690,5,5,嘉定区,白银路
882,合租·玉兰花苑3居室-东卧,合租,476,16,3490,3,25,徐汇区,上海体育馆
884,合租·万邦都市花园4居室-南卧,合租,464,14,4260,7,11,浦东新区,龙阳路
885,合租·翡翠湾公寓4居室-南卧,合租,511,15,3860,7,15,浦东新区,北洋泾路
886,合租·殷高路150弄2居室-南卧,合租,346,14,2790,5,6,宝山区,殷高西路
887,合租·东方城市花园(二期)4居室-南卧,合租,898,15,4090,3,14,浦东新区,上海儿童医学中心
888,合租·仁和苑4居室-北卧,合租,243,12,2830,7,12,杨浦区,江湾体育场
889,合租·桃浦九村3居室-东卧,合租,1017,18,2430,2,6,普陀区,桃浦新村
890,合租·申江豪城3居室-南卧,合租,726,14,2760,3,5,浦东新区,杨思
891,合租·中远两湾城3居室-南卧,合租,459,14,3260,3,34,普陀区,中潭路
892,合租·瑞和城叁街区(汇臻路815弄)4居室-南卧,合租,562,12,1560,8,18,闵行区,汇臻路
893,合租·好日子大家园A区3居室-南卧,合租,345,14,1690,1,14,宝山区,刘行
894,合租·江南山水4居室-南卧,合租,264,13,3790,6,11,浦东新区,五莲路
895,合租·胡姬花园4居室-南卧,合租,866,16,3490,8,12,浦东新区,张江高科
896,合租·金杨新村十街坊3居室-南卧,合租,1073,18,2730,6,6,浦东新区,金桥路
897,合租·新浦江城(浦申路1288弄)4居室-南卧,合租,1051,15,3030,3,4,闵行区,浦江镇
898,合租·华丰佳园3居室-南卧,合租,1262,19,2730,1,6,浦东新区,杨思
899,合租·齐锦苑3居室-南卧,合租,802,15,2860,3,11,浦东新区,杨高南路
900,合租·上海阳城4居室-南卧,合租,675,16,2530,1,7,闵行区,外环路
901,合租·宝宸共和家园3居室-南卧,合租,603,13,2830,4,14,宝山区,通河新村
902,合租·中信泰富又一城3居室-南卧,合租,116,11,1890,21,32,嘉定区,嘉定新城
903,合租·缘圆宝邸3居室-南卧,合租,178,13,2290,1,7,嘉定区,金运路
904,合租·龙潭小区3居室-南卧,合租,713,14,3290,6,6,宝山区,大华三路
905,合租·民乐佳苑一区3居室-南卧,合租,491,15,1530,6,6,青浦区,漕盈路
906,合租·莲浦花苑4居室-南卧,合租,832,17,2390,4,10,闵行区,外环路
907,合租·蓝城小区3居室-南卧,合租,639,15,2630,3,6,浦东新区,博兴路
908,合租·鹤北新村二街坊3居室-南卧,合租,789,16,7190,6,6,闵行区,金平路
909,合租·东方吉苑4居室-南卧,合租,1077,17,2260,2,6,浦东新区,高青路
910,合租·妙境家园4居室-南卧,合租,253,14,1990,1,6,浦东新区,川沙
911,合租·东方丽都3居室-南卧,合租,1056,17,1990,1,6,宝山区,友谊西路
912,合租·明丰公寓3居室-西卧,合租,501,16,1790,3,6,松江区,松江新城
913,合租·望族苑6居室-南卧,合租,928,18,3260,11,11,闵行区,莲花路
915,合租·博学家园3居室-南卧,合租,689,13,2660,4,6,浦东新区,高青路
916,合租·一品漫城二期（公寓）3居室-南卧,合租,634,14,2490,8,12,闵行区,芦恒路
917,合租·振兴小区(徐汇)3居室-南卧,合租,424,15,3290,5,6,徐汇区,东安路
918,合租·金杨新村十街坊3居室-南卧,合租,1073,34,2790,1,6,浦东新区,金桥路
919,合租·万邦都市花园4居室-北卧,合租,464,16,3230,4,18,浦东新区,龙阳路
920,合租·浦江瑞和城3居室-南卧,合租,660,14,1390,5,18,闵行区,汇臻路
921,合租·共康六村3居室-南卧,合租,989,17,2460,3,6,宝山区,通河新村
922,合租·美兰湖岭域3居室-北卧,合租,892,17,1590,6,7,宝山区,罗南新村
923,合租·小富人家4居室-南卧,合租,522,15,2330,6,6,闵行区,春申路
924,合租·亭汇花苑4居室-南卧,合租,446,13,2960,5,6,松江区,九亭
925,合租·瑞金新苑5居室-东南卧,合租,242,15,4390,5,28,黄浦区,马当路
926,合租·滨浦新苑二村4居室-南卧,合租,1303,17,2230,5,6,闵行区,联航路
927,合租·爱和大厦4居室-西卧,合租,403,16,3690,14,26,徐汇区,上海体育场
928,合租·上南大厦3居室-北卧,合租,3,10,2490,14,24,浦东新区,云台路
929,合租·锦南花苑4居室-西南卧,合租,1032,18,3090,8,18,浦东新区,蓝村路
930,合租·源城锦翠苑4居室-南卧,合租,486,15,2290,6,6,浦东新区,灵岩南路
931,合租·建华公寓4居室-南卧,合租,136,12,3290,4,12,浦东新区,世纪公园
932,合租·阳光花城3居室-南卧,合租,164,12,3630,7,19,浦东新区,广兰路
933,合租·宝宸共和家园2居室-南卧,合租,603,14,2630,9,17,宝山区,通河新村
934,合租·黄浦丽园4居室-西卧,合租,352,14,5390,16,18,黄浦区,陆家浜路
935,合租·田林十一村2居室-南卧,合租,979,18,3290,6,6,徐汇区,桂林路
936,合租·东苑绿世界花园(二期)3居室-南卧,合租,864,16,2630,5,6,闵行区,外环路
937,合租·大华锦绣华城(十八街区)(公寓)5居室-南卧,合租,609,15,2860,5,18,浦东新区,下南路
938,合租·罗智路258弄4居室-南卧,合租,1345,17,1560,5,18,宝山区,罗南新村
939,合租·天馨花园(公寓)3居室-南卧,合租,617,13,2290,5,6,宝山区,宝安公路
940,合租·珠光苑4居室-南卧,合租,490,15,2030,6,6,浦东新区,华夏东路
941,合租·联星丽景苑3居室-南卧,合租,321,11,2460,4,18,普陀区,桃浦新村
942,合租·联星丽景苑3居室-南卧,合租,321,11,2560,10,18,普陀区,桃浦新村
943,合租·中房公寓3居室-北卧,合租,912,19,2890,5,7,嘉定区,金运路
944,合租·虹桥世家花园(公寓)4居室-北卧,合租,805,17,4390,5,12,长宁区,中山公园
945,合租·永久城市花园6居室-南卧,合租,775,20,2090,13,13,浦东新区,航津路
946,合租·华鼎广场3居室-东南卧,合租,639,16,3430,10,32,徐汇区,上海体育馆
947,合租·阳光花城6居室-南卧,合租,164,12,3360,18,19,浦东新区,广兰路
948,合租·惠明苑3居室-南卧,合租,1369,18,2790,7,13,闵行区,中春路
949,合租·民乐小区5居室-南卧,合租,854,16,1530,5,6,松江区,松江体育中心
950,合租·中远两湾城3居室-南卧,合租,459,13,3390,29,34,普陀区,中潭路
951,合租·博爱家园4居室-北卧,合租,234,12,2690,6,6,浦东新区,高科西路
953,合租·马陆金沙湾4居室-南卧,合租,797,13,1790,12,18,嘉定区,马陆
954,合租·复兴佳苑4居室-南卧,合租,810,17,3690,3,37,黄浦区,马当路
955,合租·东方名城3居室-南卧,合租,1199,22,4460,7,11,杨浦区,嫩江路
956,合租·三杨新村一街坊3居室-南卧,合租,900,11,2590,8,16,浦东新区,杨思
957,合租·新里城和合苑3居室-南卧,合租,1219,21,2490,6,6,浦东新区,高青路
958,合租·天馨花园(公寓)3居室-南卧,合租,617,15,2060,5,6,宝山区,宝安公路
959,合租·海上硕和城4居室-南卧,合租,644,15,3030,16,18,杨浦区,翔殷路
960,合租·华高一村3居室-南卧,合租,387,14,2590,2,6,浦东新区,金京路
961,合租·妙栏小区3居室-南卧,合租,862,16,1990,6,6,浦东新区,川沙
962,合租·莲浦新苑4居室-南卧,合租,438,14,2660,1,6,闵行区,莘庄
963,合租·江南名庐3居室-南卧,合租,331,13,3630,18,33,普陀区,曹杨路
964,合租·鑫安公寓4居室-南卧,合租,963,18,2860,3,6,静安区,延长路
965,合租·妙境公寓4居室-南卧,合租,982,16,2030,3,5,浦东新区,川沙
966,合租·逸景佳苑5居室-南卧,合租,634,14,2530,1,12,宝山区,殷高西路
967,合租·天馨花园(公寓)3居室-南卧,合租,617,14,1930,4,6,宝山区,宝安公路
968,合租·三林苑（一期）3居室-南卧,合租,637,14,2330,2,6,浦东新区,三林东
970,合租·黄山新村3居室-南卧,合租,591,16,2660,6,6,浦东新区,云山路
972,合租·黄山始信苑5居室-南卧,合租,597,16,2560,6,6,浦东新区,云山路
973,合租·鹏兆苑3居室-南卧,合租,530,12,2760,10,18,浦东新区,凌兆新村
974,合租·富绅时代公馆4居室-南卧,合租,450,13,1730,11,12,青浦区,漕盈路
975,合租·长青路1至3单号4居室-南卧,合租,512,15,2630,5,6,浦东新区,长清路
976,合租·虹鹰大楼3居室-东卧,合租,452,15,4090,16,23,虹口区,虹口足球场
977,合租·锦南公寓4居室-南卧,合租,561,16,4760,9,9,徐汇区,宜山路
978,合租·汇智湖畔家园4居室-南卧,合租,989,16,3730,7,18,浦东新区,金科路
979,合租·益康大厦4居室-南卧,合租,1006,18,2990,13,26,杨浦区,隆昌路
980,合租·潍坊二村2居室-南卧,合租,1080,18,3430,3,6,浦东新区,浦电路
981,合租·凌兆路608弄3居室-南卧,合租,922,13,2360,3,6,浦东新区,上南路
982,合租·莘南花苑二村3居室-南卧,合租,1325,18,2290,5,6,闵行区,莘庄
983,合租·绿洲湖畔花园3居室-南卧,合租,394,12,3590,5,27,普陀区,真北路
984,合租·祥和公寓(松江)4居室-南卧,合租,292,14,2060,1,5,松江区,泗泾
986,合租·三湘四季花城3居室-南卧,合租,546,14,1830,1,14,松江区,松江大学城
987,合租·祥和花苑(公寓)4居室-南卧,合租,733,15,2090,6,6,松江区,松江新城
988,合租·博爱家园4居室-南卧,合租,234,11,2890,6,6,浦东新区,高科西路
989,合租·大华锦绣华城(十九街区)(公寓)6居室-南卧,合租,326,14,2690,6,6,浦东新区,下南路
990,合租·五环大楼3居室-南卧,合租,915,17,3590,20,21,长宁区,江苏路
991,合租·长发白玉公寓3居室-南卧,合租,430,14,3390,3,7,普陀区,曹杨路
992,合租·好日子大家园B区3居室-南卧,合租,691,14,1830,2,6,宝山区,刘行
993,合租·水语人家南苑3居室-南卧,合租,356,12,1830,3,6,虹口区,闵瑞路
994,合租·瑞和城叁街区(鲁宁路80弄)3居室-南卧,合租,392,12,1490,1,11,闵行区,汇臻路
995,合租·紫荆三村4居室-南卧,合租,588,14,1390,2,6,嘉定区,安亭
996,合租·金鸿苑3居室-南卧,合租,819,19,2830,1,7,虹口区,虹口足球场
997,合租·中冶翔腾3居室-南卧,合租,204,12,2290,16,16,嘉定区,南翔
998,合租·大华三村二街坊3居室-南卧,合租,400,15,2390,5,6,宝山区,行知路
999,合租·芙蓉新村4居室-南卧,合租,573,14,1430,4,6,嘉定区,安亭
1000,合租·锦南花苑4居室-南卧,合租,1032,16,3530,3,18,浦东新区,蓝村路
1001,合租·盛源大厦3居室-南卧,合租,1241,14,3890,4,23,长宁区,江苏路
1002,合租·水清年华花园3居室-南卧,合租,473,13,2830,4,6,闵行区,中春路
1003,合租·民乐佳苑一区4居室-南卧,合租,491,13,2060,2,6,青浦区,漕盈路
1004,合租·香楠小区3居室-南卧,合租,1229,19,2930,5,6,浦东新区,广兰路
1005,合租·桃林公寓3居室-南卧,合租,313,11,4090,2,20,浦东新区,民生路
1006,合租·东方城市花园(二期)4居室-南卧,合租,898,17,3060,1,14,浦东新区,上海儿童医学中心
1007,合租·金地自在城(二期)3居室-南卧,合租,1374,18,2260,11,19,松江区,泗泾
1008,合租·好世凤凰城3居室-南卧,合租,330,14,2030,1,5,闵行区,银都路
1009,合租·文化馨苑4居室-南卧,合租,713,14,3390,3,11,浦东新区,锦绣路
1010,合租·申城佳苑4居室-南卧,合租,1124,15,2560,5,6,浦东新区,张江路
1011,合租·玉兰苑(川沙)4居室-南卧,合租,578,14,2530,11,20,浦东新区,华夏东路
1012,合租·长风二村长风馨苑3居室-南卧,合租,504,16,2630,1,14,普陀区,大渡河路
1013,合租·天虹苑4居室-南卧,合租,520,14,3690,10,12,浦东新区,德平路
1014,合租·中远行家4居室-南卧,合租,775,14,3360,22,28,浦东新区,上海儿童医学中心
1015,合租·盛世家园4居室-南卧,合租,1020,15,3230,3,6,宝山区,大场镇
1016,合租·浦江东旭公寓626弄4居室-南卧,合租,473,14,2360,6,7,浦东新区,东靖路
1017,合租·浦潍大楼3居室-南卧,合租,274,13,3330,16,17,浦东新区,浦电路
1018,合租·上大阳光乾静园3居室-南卧,合租,328,14,2090,1,6,宝山区,上大路
1019,整租·金沙雅苑(四期)2室2厅-南,整租,87,95,9590,4,18,普陀区,祁连山南路
1020,合租·由由四村3居室-南卧,合租,800,16,2530,3,6,浦东新区,锦绣路
1021,合租·美兰湖岭域3居室-南卧,合租,892,14,1730,2,6,宝山区,罗南新村
1022,合租·三佳苑4居室-南卧,合租,456,14,3260,2,6,闵行区,航中路
1023,合租·花木苑3居室-南卧,合租,847,15,3430,6,6,浦东新区,世纪公园
1024,合租·协合花苑3居室-南卧,合租,1027,19,3030,6,6,长宁区,淞虹路
1025,合租·武川路99弄3居室-南卧,合租,1138,17,3060,4,6,虹口区,江湾镇
1026,合租·精文城上城4居室-南卧,合租,759,15,3590,10,33,静安区,中兴路
1027,合租·逸居苑3居室-北卧,合租,1172,28,2990,6,6,宝山区,淞发路
1028,合租·怒江苑5居室-南卧,合租,897,20,2960,6,6,普陀区,大渡河路
1029,合租·艺康苑3居室-南卧,合租,670,15,2530,3,6,静安区,共康路
1030,合租·联星丽景苑3居室-西南卧,合租,321,12,2490,17,18,普陀区,桃浦新村
1031,合租·怒江苑3居室-南卧,合租,897,15,3060,4,7,普陀区,大渡河路
1032,合租·南天公寓8居室-南卧,合租,434,15,3330,18,20,徐汇区,漕宝路
1033,合租·樟盛苑3居室-南卧,合租,1433,15,2830,14,14,浦东新区,广兰路
1034,合租·巴黎之春4居室-南卧,合租,542,13,2530,3,6,普陀区,上海西
1035,合租·水语人家南苑3居室-南卧,合租,356,12,1790,3,11,虹口区,闵瑞路
1036,合租·亭汇花苑4居室-南卧,合租,446,14,2890,2,6,松江区,九亭
1037,合租·中信泰富又一城3居室-南卧,合租,116,12,1860,37,37,嘉定区,嘉定新城
1038,合租·金缘坊4居室-南卧,合租,1011,16,3490,5,9,浦东新区,高科西路
1039,合租·中冶翔腾3居室-南卧,合租,204,11,2390,16,16,嘉定区,南翔
1040,合租·月季园(徐汇)3居室-南卧,合租,1118,18,3090,5,6,闵行区,锦江乐园
1041,合租·上大阳光乾清园3居室-南卧,合租,635,15,2290,4,6,宝山区,上大路
1042,合租·长虹大厦4居室-北卧,合租,196,15,2690,11,23,静安区,中山北路
1043,合租·翔顺公寓3居室-南卧,合租,1069,16,2860,6,6,杨浦区,翔殷路
1044,合租·环球翡翠湾花园(公寓)4居室-南卧,合租,611,15,3090,2,18,浦东新区,浦三路
1045,合租·铭晖西郊苑3居室-南卧,合租,542,14,3430,4,8,长宁区,北新泾
1046,合租·中环和乐苑3居室-南卧,合租,919,15,2830,29,34,杨浦区,爱国路
1047,合租·远洋香奈3居室-南卧,合租,1102,12,2260,11,18,宝山区,富锦路
1048,合租·圣骊河滨苑3居室-南卧,合租,1287,16,3090,29,31,杨浦区,江浦公园
1049,合租·精文城上城4居室-南卧,合租,759,15,3530,22,28,静安区,中兴路
1050,合租·邯郸路58弄4居室-南卧,合租,1020,16,3060,2,8,虹口区,大柏树
1051,合租·瑞虹新城二期(优贤生活)4居室-南卧,合租,207,12,4690,11,39,虹口区,临平路
1052,合租·宝菊新家园4居室-南卧,合租,1162,19,1490,6,6,嘉定区,嘉定西
1053,合租·景谷苑3居室-南卧,合租,1043,17,790,5,6,闵行区,华宁路
1054,合租·浦江世博家园十四街坊3居室-南卧,合租,819,15,2060,4,11,闵行区,联航路
1055,合租·三湘四季花城3居室-南卧,合租,546,13,1990,3,14,松江区,松江大学城
1056,合租·中远两湾城3居室-西卧,合租,459,14,4490,8,34,普陀区,中潭路
1057,合租·高尚领域5居室-北卧,合租,181,13,3260,21,38,普陀区,真如
1058,合租·百兴花园3居室-南卧,合租,1337,17,3260,13,24,杨浦区,宁国路
1060,合租·星河世纪城4居室-南卧,合租,1165,42,3860,6,6,普陀区,上海西
1061,合租·金桥新村四街坊3居室-南卧,合租,593,15,2690,6,6,浦东新区,博兴路
1062,合租·南天大厦3居室-西卧,合租,451,16,3490,8,24,长宁区,中山公园
1063,合租·万科琥珀郡园5居室-南卧,合租,915,15,1660,2,6,宝山区,罗南新村
1064,合租·万科城市花园4居室-南卧,合租,868,16,2560,3,7,闵行区,七宝
1065,合租·民东公寓3居室-南卧,合租,476,14,1890,5,7,嘉定区,南翔
1066,合租·祥和公寓(松江)4居室-南卧,合租,292,14,2030,5,5,松江区,泗泾
1067,合租·桃林小区4居室-南卧,合租,638,15,3260,4,5,浦东新区,杨高中路
1068,合租·恒大华城上河苑3居室-南卧,合租,1054,16,2890,2,6,浦东新区,杨思
1069,合租·玉兰一村4居室-南卧,合租,1225,19,1490,4,6,嘉定区,安亭
1070,合租·岚皋西路45弄3居室-南卧,合租,761,16,2890,6,6,普陀区,镇坪路
1071,合租·佳宝一村3居室-南卧,合租,132,13,2390,6,7,闵行区,七宝
1073,合租·真源小区4居室-南卧,合租,1214,16,3290,4,7,普陀区,真北路
1074,合租·金竹园3居室-南卧,合租,822,15,2690,3,6,闵行区,银都路
1076,合租·悦达花苑4居室-南卧,合租,455,14,4490,7,17,长宁区,延安西路
1078,合租·高境一村2居室-南卧,合租,381,14,2560,5,6,宝山区,殷高西路
1079,合租·长发白玉公寓3居室-南卧,合租,430,13,3430,3,7,普陀区,曹杨路
1080,合租·益丰新村3居室-南卧,合租,1613,19,2790,5,6,浦东新区,张江路
1081,合租·绿地秋霞坊(公寓)3居室-南卧,合租,328,11,1990,4,27,嘉定区,嘉定新城
1082,合租·金沙雅苑(二期)3居室-南卧,合租,370,12,3290,4,5,普陀区,祁连山南路
1083,合租·上海人家3居室-北卧,合租,79,15,3360,23,23,黄浦区,西藏南路
1084,合租·东方悦居3居室-南卧,合租,1232,16,2660,5,7,浦东新区,杨思
1085,合租·明园森林都市4居室-南卧,合租,686,13,2890,20,23,静安区,汶水路
1086,合租·光复新苑3居室-东卧,合租,317,14,3690,3,8,普陀区,镇坪路
1087,合租·漕泾一村2居室-南卧,合租,810,16,3290,6,6,徐汇区,漕宝路
1088,合租·瑞虹新城二期(优贤生活)6居室-南卧,合租,207,13,3660,3,39,虹口区,临平路
1089,合租·华南名苑4居室-南卧,合租,927,17,2860,1,9,浦东新区,高科西路
1090,合租·愉景华庭3居室-南卧,合租,906,15,2960,9,18,普陀区,上海西
1091,合租·吴东小区3居室-南卧,合租,548,15,3030,1,6,长宁区,虹桥路
1092,合租·屹立家园3居室-东卧,合租,1138,19,2390,1,6,宝山区,通河新村
1093,合租·阳城贵都3居室-南卧,合租,430,13,2730,2,12,宝山区,行知路
1094,合租·控江二村107弄小区3居室-西卧,合租,598,17,2790,5,5,杨浦区,黄兴路
1095,合租·保康大厦4居室-南卧,合租,1214,18,1890,5,12,浦东新区,御桥
1096,合租·雅士公寓4居室-南卧,合租,229,12,4090,2,11,黄浦区,南浦大桥
1097,合租·红旗四街坊3居室-南卧,合租,954,18,1730,6,6,闵行区,华宁路
1098,合租·紫欣公寓3居室-南卧,合租,249,12,2560,4,15,闵行区,莘庄
1099,合租·妙城公寓4居室-南卧,合租,1138,15,2590,7,7,浦东新区,川沙
1100,合租·中远两湾城3居室-南卧,合租,459,13,3390,28,36,普陀区,中潭路
1101,合租·汇佳苑4居室-南卧,合租,94,12,3490,1,5,浦东新区,东陆路
1102,合租·控江路1200弄4居室-北卧,合租,100,15,2990,5,5,杨浦区,黄兴路
1103,合租·泗泾新苑4居室-南卧,合租,500,13,2460,1,14,松江区,泗泾
1104,整租·银亿徐汇酩悦2室1厅-南,整租,637,166,6860,6,18,徐汇区,嘉善路
1105,合租·锦秋花园4居室-南卧,合租,150,11,1790,3,6,松江区,上海大学
1106,合租·铂金府5居室-南卧,合租,5,11,1730,6,18,嘉定区,白银路
1107,合租·天台家园3居室-西南卧,合租,755,13,3530,7,9,长宁区,威宁路
1108,合租·练祁佳苑3居室-南卧,合租,940,15,1590,9,17,嘉定区,嘉定西
1109,合租·保利御樽苑(公寓)5居室-南卧,合租,1372,18,2560,11,13,浦东新区,唐镇
1110,合租·荣乐小区3居室-南卧,合租,125,12,1490,5,6,松江区,松江体育中心
1111,合租·西上海名邸5居室-南卧,合租,536,13,1590,17,18,嘉定区,安亭
1112,合租·上海知音苑3居室-北卧,合租,343,14,3530,5,6,普陀区,武宁路
1113,合租·紫荆四村3居室-南卧,合租,630,13,1490,2,6,嘉定区,安亭
1114,合租·地杰国际城D街坊3居室-南卧,合租,523,9,2530,18,27,浦东新区,御桥
1115,合租·保利西子湾4居室-南卧,合租,998,16,2290,4,14,松江区,松江大学城
1116,合租·复旦教师公寓2居室-南卧,合租,683,16,3290,6,6,杨浦区,江湾体育场
1117,合租·中环国际公寓(三期)4居室-南卧,合租,1725,19,2860,5,7,宝山区,呼兰路
1118,整租·莘城公寓2室1厅-南,整租,454,111,6690,15,18,闵行区,莘庄
1119,合租·海华花园4居室-西卧,合租,244,13,4630,4,33,黄浦区,打浦桥
1120,合租·浣纱四村3居室-北卧,合租,688,16,2690,6,6,杨浦区,黄兴公园
1121,合租·紫竹轩4居室-南卧,合租,1169,25,2760,6,6,浦东新区,北蔡
1122,合租·广兰名苑3居室-南卧,合租,1324,14,3990,7,11,浦东新区,广兰路
1123,合租·东茂家苑5居室-南卧,合租,298,14,2990,6,6,杨浦区,翔殷路
1124,合租·创世纪花园4居室-南卧,合租,391,13,3590,11,34,徐汇区,上海体育馆
1125,合租·春光家园2居室-南卧,合租,1086,15,2430,10,12,普陀区,桃浦新村
1126,合租·沪江新苑3居室-南卧,合租,1318,24,2890,4,6,闵行区,航中路
1127,合租·川杨新苑(四期)3居室-南卧,合租,930,16,2430,5,6,浦东新区,张江路
1128,合租·中虹华苑3居室-南卧,合租,1152,18,2090,6,6,嘉定区,金运路
1129,合租·未名园4居室-南卧,合租,1314,13,2490,3,12,闵行区,外环路
1130,合租·北方公寓3居室-南卧,合租,336,12,3690,12,13,黄浦区,老西门
1132,合租·香山苑3居室-北卧,合租,996,18,2830,2,6,普陀区,金沙江路
1133,合租·博爱家园4居室-南卧,合租,234,13,3690,2,6,浦东新区,高科西路
1134,合租·嘉欣公寓3居室-西卧,合租,460,15,3590,2,9,长宁区,虹桥路
1135,合租·阳城美景4居室-东卧,合租,1101,23,3090,4,6,宝山区,行知路
1136,合租·阳光里(嘉定)4居室-南卧,合租,1761,25,1830,9,28,嘉定区,白银路
1137,合租·由由七村3居室-南卧,合租,593,14,2690,1,6,浦东新区,杨高南路
1138,合租·春光家园7居室-南卧,合租,1086,17,2430,3,3,普陀区,桃浦新村
1139,合租·普雄馨苑3居室-南卧,合租,646,16,3390,4,6,普陀区,曹杨路
1140,合租·伊犁小区2居室-南卧,合租,666,16,3790,4,5,长宁区,伊犁路
1141,合租·大华一村3居室-南卧,合租,160,14,2560,6,6,宝山区,大华三路
1142,合租·联星丽景苑3居室-南卧,合租,321,11,2590,6,18,普陀区,桃浦新村
1143,合租·天馨花园(公寓)3居室-南卧,合租,617,14,2290,6,6,宝山区,宝安公路
1144,合租·上海滩新昌城4居室-南卧,合租,163,12,3690,14,28,黄浦区,新闸路
1145,合租·万科悦城4居室-南卧,合租,1388,21,1690,11,11,嘉定区,嘉定西
1146,合租·双阳路291弄2居室-南卧,合租,815,17,2890,1,6,杨浦区,黄兴路
1148,合租·联鑫坊3居室-南卧,合租,498,14,2660,2,5,浦东新区,东陆路
1149,合租·爱和大厦4居室-北卧,合租,403,15,3360,4,26,徐汇区,上海体育场
1150,整租·荣域飘鹰锦和花园(公寓)2室1厅-南,整租,267,91,6430,6,14,宝山区,宝安公路
1151,合租·慧华苑4居室-南卧,合租,1426,25,2290,6,6,宝山区,上大路
1152,合租·贵龙园4居室-南卧,合租,459,13,3960,6,11,浦东新区,上海儿童医学中心
1153,合租·金杨路750弄3居室-南卧,合租,1074,15,2960,3,6,浦东新区,金桥路
1154,合租·慧华苑4居室-南卧,合租,1426,20,2030,1,6,宝山区,上大路
1155,合租·潍坊五村2居室-南卧,合租,532,14,3530,2,6,浦东新区,浦电路
1156,合租·万科优诗美地4居室-南卧,合租,963,17,3030,2,4,闵行区,中春路
1157,合租·中铁北城时代2居室-东卧,合租,1824,18,4230,15,29,宝山区,友谊西路
1158,合租·长峰馨园5居室-东卧,合租,521,15,3690,9,33,黄浦区,小南门
1159,合租·阳光花城4居室-南卧,合租,164,12,3090,5,19,浦东新区,广兰路
1160,合租·春港丽园(公寓)4居室-南卧,合租,1165,20,2830,2,5,浦东新区,广兰路
1161,合租·虹储小区3居室-南卧,合租,619,15,3660,5,6,长宁区,宋园路
1162,合租·万航小区2居室-南卧,合租,427,14,3430,2,25,普陀区,隆德路
1163,合租·剑河小区3居室-东卧,合租,547,18,3260,14,14,长宁区,北新泾
1164,合租·住友名人花园4居室-南卧,合租,517,14,3630,5,6,浦东新区,德平路
1165,合租·申江豪城3居室-南卧,合租,726,14,2690,10,14,浦东新区,杨思
1166,合租·万科城市花园5居室-南卧,合租,868,16,3390,5,5,闵行区,七宝
1168,合租·联洋花园(一期)5居室-南卧,合租,598,15,3590,3,18,浦东新区,杨高中路
1169,合租·合生江湾国际公寓4居室-南卧,合租,1388,17,3560,5,9,杨浦区,新江湾城
1170,合租·紫荆三村4居室-南卧,合租,588,14,1260,4,6,嘉定区,安亭
1171,合租·万邦都市花园3居室-南卧,合租,464,13,3290,6,13,浦东新区,龙阳路
1172,合租·大华清水湾4居室-南卧,合租,585,14,3230,3,17,普陀区,金沙江路
1173,合租·四和花园3居室-东卧,合租,751,19,3790,1,24,静安区,静安寺
1174,合租·大宅风范城4居室-南卧,合租,938,15,2290,10,13,嘉定区,金运路
1175,合租·闵浦新苑五村4居室-南卧,合租,487,14,1390,1,6,闵行区,三鲁公路
1176,合租·海德花园6居室-南卧,合租,175,13,2030,3,3,宝山区,富锦路
1177,合租·恒大华城上河苑4居室-南卧,合租,1054,14,2590,6,6,浦东新区,杨思
1178,合租·云润家园3居室-南卧,合租,1257,17,2390,3,14,松江区,九亭
1179,合租·香泉小区3居室-南卧,合租,1273,16,2590,3,6,普陀区,新村路
1180,合租·芙蓉新村4居室-南卧,合租,573,14,1290,2,6,嘉定区,安亭
1181,合租·天馨花园(公寓)3居室-南卧,合租,617,14,2030,6,9,宝山区,宝安公路
1182,合租·宝安支路45号2居室-南卧,合租,456,14,3090,2,3,虹口区,海伦路
1183,合租·华高一村3居室-北卧,合租,387,16,2390,2,6,浦东新区,金京路
1184,合租·黄浦新苑(公寓)5居室-东卧,合租,277,15,3990,13,15,黄浦区,陆家浜路
1185,合租·新城尚上城3居室-南卧,合租,138,11,17700,8,18,嘉定区,上海汽车城
1188,合租·达安春之声3居室-南卧,合租,378,12,2930,14,17,普陀区,上海西
1189,合租·春申府邸3居室-南卧,合租,228,11,2330,2,11,闵行区,春申路
1190,合租·象屿虹桥悦府4居室-南卧,合租,1187,15,2790,2,18,松江区,九亭
1191,合租·龙柏三村3居室-南卧,合租,351,12,2690,4,6,闵行区,龙柏新村
1192,合租·地方天园3居室-南卧,合租,678,14,3490,8,11,普陀区,曹杨路
1193,合租·联城花苑3居室-南卧,合租,500,15,2730,2,6,浦东新区,长清路
1194,合租·永和雅园3居室-南卧,合租,956,16,2660,1,6,宝山区,行知路
1195,合租·实业公寓4居室-东卧,合租,177,15,3460,12,28,徐汇区,徐家汇
1196,合租·爱法新城4居室-南卧,合租,614,14,3390,4,6,浦东新区,巨峰路
1197,合租·川杨新苑(三期)3居室-南卧,合租,775,14,2730,1,6,浦东新区,张江路
1198,合租·实业公寓5居室-西卧,合租,177,15,3490,11,28,徐汇区,徐家汇
1199,合租·金禾新苑4居室-南卧,合租,766,11,2790,5,16,浦东新区,三林东
1200,合租·恒大翰城瀚林苑5居室-南卧,合租,536,14,2790,6,6,浦东新区,华夏西路
1201,合租·虹一小区2居室-南卧,合租,713,15,3290,2,6,长宁区,宋园路
1202,合租·阳明国际花苑一二三期3居室-南卧,合租,1471,18,2630,3,6,闵行区,莘庄
1203,合租·始信北苑3居室-南卧,合租,1050,15,2890,4,6,浦东新区,云山路
1204,合租·妙境家园4居室-南卧,合租,253,15,1830,1,6,浦东新区,川沙
1205,合租·中虹华苑3居室-南卧,合租,1152,17,2060,1,5,嘉定区,金运路
1206,合租·月季园(徐汇)3居室-南卧,合租,1118,19,2690,5,6,闵行区,锦江乐园
1207,合租·西南名苑4居室-南卧,合租,724,14,1860,2,9,松江区,泗泾
1208,合租·陆家嘴花园(一期)4居室-南卧,合租,658,13,4790,5,11,浦东新区,民生路
1209,合租·品华苑3居室-南卧,合租,1064,14,2230,2,5,浦东新区,三林东
1210,合租·顺馨佳园4居室-南卧,合租,1076,16,2030,6,6,浦东新区,华夏东路
1213,合租·新汇绿苑3居室-南卧,合租,407,13,1530,2,6,闵行区,汇臻路
1214,合租·紫荆二村3居室-南卧,合租,559,14,1390,5,6,嘉定区,安亭
1215,合租·曲阳公寓4居室-东南卧,合租,195,13,3390,18,20,虹口区,邮电新村
1216,合租·新里城和合苑3居室-南卧,合租,1219,13,2290,5,6,浦东新区,高青路
1217,合租·梅园四街坊2居室-南卧,合租,472,14,3260,6,6,浦东新区,世纪大道
1218,合租·万馨佳园3居室-南卧,合租,1138,13,2090,5,6,浦东新区,华夏东路
1219,合租·竹园小区(嘉定)3居室-南卧,合租,1045,17,1390,6,6,嘉定区,嘉定西
1220,合租·海联公寓3居室-北卧,合租,281,14,3260,8,26,静安区,曲阜路
1221,合租·海伦新苑4居室-南卧,合租,426,12,3490,5,18,虹口区,东宝兴路
1222,合租·管弄五六街坊3居室-西卧,合租,887,17,2890,5,6,普陀区,岚皋路
1223,合租·哈佛公寓3居室-南卧,合租,424,13,2830,22,29,杨浦区,同济大学
1225,合租·浦虹苑3居室-南卧,合租,670,15,2990,11,11,浦东新区,杨高南路
1226,合租·龙柏井亭公寓3居室-南卧,合租,467,13,3090,5,8,闵行区,紫藤路
1227,合租·锦杨苑4居室-南卧,合租,575,12,2960,12,23,杨浦区,江浦公园
1228,合租·馨佳园(韶山路245弄)3居室-南卧,合租,619,13,1860,2,17,宝山区,刘行
1229,合租·欣安大厦3居室-南卧,合租,599,14,3990,26,28,长宁区,江苏路
1230,合租·证大家园(三期)4居室-南卧,合租,628,14,2590,6,6,浦东新区,杨高北路
1231,合租·万科城市花园3居室-南卧,合租,868,16,2630,4,7,闵行区,七宝
1232,合租·金地玺湾4居室-南卧,合租,1425,17,1990,7,14,松江区,泗泾
1233,合租·雍景园4居室-南卧,合租,987,16,3660,11,12,长宁区,娄山关路
1234,合租·永和雅园3居室-南卧,合租,956,15,2630,1,6,宝山区,行知路
1235,合租·长风四村3居室-南卧,合租,434,14,2830,2,6,普陀区,大渡河路
1236,整租·绿洲雅宾利花园(一期)2室1厅-南,整租,323,99,10490,4,32,静安区,中兴路
1237,合租·灵艺大厦3居室-东卧,合租,295,15,3060,25,26,静安区,中兴路
1238,合租·颐宁苑3居室-南卧,合租,534,14,2860,5,20,普陀区,真如
1239,合租·顺馨佳园3居室-南卧,合租,1076,15,2030,5,6,浦东新区,华夏东路
1240,合租·万馨佳园3居室-南卧,合租,1138,15,1990,4,6,浦东新区,华夏东路
1241,合租·新月翡翠园4居室-南卧,合租,1391,22,1890,1,12,宝山区,江杨北路
1242,合租·和祥佳园3居室-南卧,合租,587,12,1830,2,14,浦东新区,港城路
1243,合租·新锦港花园4居室-南卧,合租,764,14,2030,6,6,青浦区,青浦新城
1244,合租·嘉华苑(宝山)3居室-南卧,合租,653,15,2790,3,6,普陀区,新村路
1245,合租·玉峰花园3居室-南卧,合租,1171,25,2990,6,6,宝山区,大华三路
1246,合租·爱建新家园4居室-南卧,合租,1106,20,2360,5,6,静安区,彭浦新村
1247,合租·新城金郡（商住）2居室-南卧,合租,551,15,2330,9,17,嘉定区,白银路
1249,合租·日月光伯爵天地4居室-南卧,合租,656,13,1930,6,16,嘉定区,嘉定北
1250,合租·绿地世纪城(二期)4居室-南卧,合租,279,13,3730,29,33,普陀区,隆德路
1251,合租·万邦都市花园3居室-南卧,合租,464,12,3430,10,11,浦东新区,龙阳路
1252,合租·贝越水岸名邸6居室-南卧,合租,1207,17,1930,1,8,浦东新区,川沙
1253,合租·好日子大家园B区3居室-南卧,合租,691,14,1760,4,6,宝山区,刘行
1254,合租·利星国际广场4居室-南卧,合租,912,16,3690,1,9,长宁区,延安西路
1255,合租·大二小区2居室-南卧,合租,543,14,3090,2,6,虹口区,曲阳路
1256,合租·源城锦苑3居室-南卧,合租,432,13,2390,1,11,浦东新区,灵岩南路
1257,合租·开城新苑3居室-南卧,合租,329,13,3930,4,7,黄浦区,马当路
1258,合租·天原二村3居室-南卧,合租,407,15,3390,5,5,长宁区,威宁路
1259,合租·君子兰公寓4居室-东卧,合租,701,19,3830,24,27,长宁区,江苏路
1260,合租·东苑利景花苑4居室-南卧,合租,592,14,2590,2,5,闵行区,莘庄
1261,合租·东方丽景5居室-南卧,合租,407,14,2790,16,18,浦东新区,巨峰路
1262,合租·奥林匹克花园3居室-南卧,合租,935,14,2290,4,5,闵行区,中春路
1263,合租·航华二村二街坊3居室-南卧,合租,872,16,2430,6,6,闵行区,航中路
1264,合租·塔城路800弄3居室-南卧,合租,1030,17,1530,4,6,嘉定区,嘉定西
1265,合租·嘉宝梦之缘景庭3居室-南卧,合租,1056,14,1790,10,18,嘉定区,白银路
1266,合租·哈佛公寓3居室-南卧,合租,424,13,3360,22,29,杨浦区,同济大学
1267,合租·瑞和城叁街区(鲁宁路80弄)4居室-南卧,合租,392,12,1560,12,17,闵行区,汇臻路
1268,合租·达安花园4居室-南卧,合租,390,14,4460,19,19,普陀区,武宁路
1269,合租·欣源公寓4居室-南卧,合租,627,15,3060,1,6,闵行区,七宝
1270,合租·五彩星辰4居室-南卧,合租,1364,17,3090,2,6,杨浦区,嫩江路
1271,合租·九城湖滨国际4居室-南卧,合租,1360,14,2830,13,14,松江区,九亭
1272,合租·罗阳二村3居室-南卧,合租,1897,21,2930,6,6,闵行区,莲花路
1273,合租·蝶恋园4居室-南卧,合租,1157,19,2860,1,6,浦东新区,金桥路
1274,合租·米兰诺贵都3居室-北卧,合租,602,15,1960,18,19,松江区,佘山
1275,合租·新凤城4居室-西卧,合租,499,14,3790,16,25,杨浦区,江浦路
1277,合租·莘城公寓4居室-南卧,合租,454,13,2830,3,6,闵行区,莘庄
1278,合租·文化花园清华苑3居室-南卧,合租,495,14,2830,1,10,虹口区,江湾镇
1279,合租·中远两湾城3居室-南卧,合租,459,12,3490,2,34,普陀区,中潭路
1280,合租·晨林花苑3居室-南卧,合租,587,13,3830,4,16,虹口区,海伦路
1281,合租·培花久远公寓2居室-南卧,合租,995,15,3290,2,16,浦东新区,龙阳路
1282,合租·潍坊四村2居室-南卧,合租,573,13,3290,3,6,浦东新区,浦电路
1284,合租·新丰小区2居室-北卧,合租,362,13,3590,2,7,普陀区,长寿路
1285,合租·荣域飘鹰锦和花园(公寓)3居室-南卧,合租,267,11,2260,10,14,宝山区,宝安公路
1286,合租·梅花苑4居室-南卧,合租,877,13,3990,6,6,浦东新区,世纪公园
1287,合租·绿地名人坊3居室-西卧,合租,328,13,3890,12,18,黄浦区,小南门
1288,合租·弘辉名苑4居室-南卧,合租,158,11,3660,18,22,黄浦区,西藏南路
1289,合租·正文花园(一期)4居室-南卧,合租,635,14,2960,5,6,虹口区,江湾镇
1290,合租·阳光花城3居室-南卧,合租,164,10,3260,13,19,浦东新区,广兰路
1291,合租·宝虹公寓7居室-南卧,合租,468,15,2730,6,6,闵行区,龙柏新村
1293,合租·菊泉新城(陆翔路678弄)3居室-南卧,合租,572,13,1860,5,11,宝山区,刘行
1294,合租·大上海国际花园十七区3居室-南卧,合租,1105,17,4030,4,4,闵行区,合川路
1295,合租·万科城市花园5居室-南卧,合租,868,15,2730,4,5,闵行区,七宝
1296,合租·公园3000黄兴花园4居室-南卧,合租,1351,23,3390,2,18,杨浦区,黄兴公园
1297,合租·绿波城4居室-南卧,合租,1057,16,2930,5,6,浦东新区,创新中路
1298,合租·车站南路407弄2居室-南卧,合租,1412,16,2890,4,6,虹口区,大柏树
1299,合租·高境欣苑5居室-南卧,合租,321,15,2290,6,6,宝山区,殷高西路
1300,合租·汇成桂苑4居室-南卧,合租,453,14,3990,7,7,徐汇区,嘉善路
1301,合租·鞍山一村第三小区3居室-南卧,合租,421,14,3090,3,6,杨浦区,江浦路
1302,合租·德华一村4居室-南卧,合租,978,16,1830,4,6,嘉定区,南翔
1303,合租·白玉苑4居室-西卧,合租,583,15,3330,7,20,普陀区,曹杨路
1304,合租·玉佛城3居室-西南卧,合租,184,11,4090,17,28,静安区,江宁路
1305,合租·水语人家南苑3居室-南卧,合租,356,12,1530,4,6,虹口区,闵瑞路
1306,合租·阳城花园5居室-南卧,合租,351,14,2560,6,6,宝山区,行知路
1307,合租·阳光花城4居室-南卧,合租,164,11,2930,10,19,浦东新区,广兰路
1308,合租·新青浦花苑(二区)4居室-南卧,合租,481,14,1860,5,6,青浦区,青浦新城
1309,合租·紫竹馨苑5居室-南卧,合租,1105,18,3030,6,6,浦东新区,高科西路
1310,合租·文化花园园中苑5居室-南卧,合租,1222,14,2890,5,11,虹口区,江湾镇
1311,合租·万里名轩3居室-南卧,合租,1220,17,2690,7,10,普陀区,上海西
1312,合租·海逸公寓4居室-东南卧,合租,381,14,3630,9,18,长宁区,威宁路
1313,合租·环球翡翠湾花园(公寓)4居室-南卧,合租,611,14,3460,8,18,浦东新区,浦三路
1314,合租·雍江星座香园3居室-南卧,合租,750,13,3290,4,5,浦东新区,塘桥
1315,合租·逸景佳苑4居室-南卧,合租,634,15,2560,3,12,宝山区,殷高西路
1316,合租·好世凤凰城4居室-南卧,合租,330,13,2730,1,7,闵行区,银都路
1317,合租·永盛苑4居室-东卧,合租,498,16,3760,21,21,静安区,汉中路
1318,合租·精文城上城4居室-南卧,合租,759,15,3460,8,28,静安区,中兴路
1319,合租·绿洲康城亲水湾(中央区)4居室-南卧,合租,1546,20,2490,8,18,浦东新区,御桥
1320,合租·东方城市花园(一期)4居室-南卧,合租,144,12,3860,9,18,浦东新区,上海儿童医学中心
1321,合租·地杰国际城D街坊3居室-南卧,合租,523,9,1990,18,27,浦东新区,御桥
1322,合租·锦河苑3居室-南卧,合租,360,13,2660,1,6,浦东新区,五莲路
1323,合租·茂名公寓3居室-南卧,合租,646,15,3990,1,6,静安区,南京西路
1324,合租·玉兰花苑3居室-南卧,合租,476,14,3760,21,25,徐汇区,上海体育馆
1325,合租·西班牙名园4居室-东南卧,合租,184,12,2930,9,12,闵行区,莲花路
1326,合租·闻喜华庭4居室-南卧,合租,498,12,2790,4,18,静安区,彭浦新村
